instance_id;sensor_name;received;lost;loss_percent;avg_latency_ms;max_latency_ms;avg_jitter_ms;max_jitter_ms
0;Cassio_x1;18000;0;0;0.349354;8.31329;0.100503;8.06224
0;Cassio_x0;18000;0;0;0.410758;8.48589;0.0634609;8.09825
0;Cassio_x2;18000;0;0;0.560917;8.1868;0.139353;7.59393
0;Cassio_x5;18000;0;0;0.558672;2.9223;0.225068;2.46681
0;Cassio_x4;18000;0;0;0.228775;3.04082;0.147192;2.69036
0;Cassio_x3;18000;0;0;0.041313;3.1152;0.0845313;2.80239
