instance_id;sensor_name;received;lost;loss_percent;avg_latency_ms;max_latency_ms;avg_jitter_ms;max_jitter_ms
0;Cassio_x4;18000;0;0;0.780019;8.08585;0.155157;7.38682
0;Cassio_x3;18000;0;0;0.588371;7.29689;0.0914025;6.69153
0;Cassio_x5;18000;0;0;1.14144;8.01766;0.23723;6.84107
0;Cassio_x2;18001;0;0;0.781952;5.32215;0.152155;4.47369
0;Cassio_x1;18001;0;0;0.557745;5.42324;0.0971427;4.92442
0;Cassio_x0;18001;0;0;0.617135;5.59354;0.0733632;4.91963
