instance_id;sensor_name;received;lost;loss_percent;avg_latency_ms;max_latency_ms;avg_jitter_ms;max_jitter_ms
0;Cassio_x4;18000;0;0;0.873117;8.50631;0.15843;7.74718
0;Cassio_x3;18000;0;0;0.687078;8.61211;0.0905225;7.8915
0;Cassio_x5;18000;0;0;1.17669;8.40306;0.203004;7.34997
0;Cassio_x2;18000;0;0;0.9472;3.78814;0.145633;2.91564
0;Cassio_x1;18000;0;0;0.738941;3.87937;0.0983058;3.19268
0;Cassio_x0;18000;0;0;0.807479;2.35743;0.0687726;1.47581
