instance_id;sensor_name;received;lost;loss_percent;avg_latency_ms;max_latency_ms;avg_jitter_ms;max_jitter_ms
0;Cassio_x3;18000;0;0;0.369435;3.40822;0.131412;3.2015
0;Cassio_x1;18000;0;0;0.116592;3.42935;0.159286;3.4936
0;Cassio_x0;18000;0;0;0.0913656;3.54211;0.0772091;3.49801
0;Cassio_x6;18001;0;0;0.902509;7.66928;0.186118;6.96575
0;Cassio_x2;18000;0;0;0.284872;3.50959;0.133297;3.22579
0;Cassio_x5;18001;0;0;0.61497;7.76773;0.16478;7.13491
0;Cassio_x7;18000;0;0;1.16072;7.56308;0.141707;6.6026
0;Cassio_x4;18001;0;0;0.399054;6.8177;0.0933972;6.46446
