instance_id;sensor_name;received;lost;loss_percent;avg_latency_ms;max_latency_ms;avg_jitter_ms;max_jitter_ms
0;Cassio_x4;18000;0;0;0.15549;8.46783;0.167077;8.26289
0;Cassio_x3;18000;0;0;-0.0348014;7.95783;0.0918685;8.07812
0;Cassio_x5;18000;0;0;0.470146;8.33467;0.208434;7.68934
0;Cassio_x2;18000;0;0;0.312194;12.0697;0.153422;11.7989
0;Cassio_x1;18000;0;0;0.0891503;12.1267;0.0992743;11.7553
0;Cassio_x0;18000;0;0;0.148712;3.3326;0.0721711;3.23263
