instance_id;sensor_name;received;lost;loss_percent;avg_latency_ms;max_latency_ms;avg_jitter_ms;max_jitter_ms
0;Cassio_x7;18000;0;0;1.07031;3.71372;0.120588;2.5268
0;Cassio_x4;18000;0;0;0.310414;3.70397;0.100208;3.46539
0;Cassio_x3;18001;0;0;0.73846;3.18795;0.12714;2.44069
0;Cassio_x5;18000;0;0;0.514177;3.67037;0.170418;3.10503
0;Cassio_x2;18001;0;0;0.659187;3.28683;0.131136;2.70246
0;Cassio_x1;18001;0;0;0.477448;3.39519;0.149927;3.00364
0;Cassio_x6;18000;0;0;0.821707;3.57858;0.181159;2.9077
0;Cassio_x0;18001;0;0;0.443561;3.50919;0.077142;3.09949
