instance_id;sensor_name;received;lost;loss_percent;avg_latency_ms;max_latency_ms;avg_jitter_ms;max_jitter_ms
0;Cassio_x7;18000;0;0;1.03053;6.5681;0.138792;5.65935
0;Cassio_x4;18000;0;0;0.236269;5.75433;0.112087;5.43548
0;Cassio_x3;18000;0;0;1.1462;5.35872;0.132589;4.23479
0;Cassio_x5;18000;0;0;0.434017;5.57353;0.169086;5.20937
0;Cassio_x2;18000;0;0;1.06256;4.3051;0.133594;3.34932
0;Cassio_x1;18000;0;0;0.867159;4.41828;0.148304;3.28783
0;Cassio_x6;18000;0;0;0.805628;6.61476;0.217061;5.74311
0;Cassio_x0;18000;0;0;0.846537;4.23365;0.0611328;3.37866
