instance_id;sensor_name;received;lost;loss_percent;avg_latency_ms;max_latency_ms;avg_jitter_ms;max_jitter_ms
0;Cassio_x4;18000;0;0;0.755439;13.8188;0.155788;13.0209
0;Cassio_x3;18000;0;0;0.541093;13.9244;0.0894443;13.3876
0;Cassio_x5;18000;0;0;1.10676;13.7159;0.221914;12.683
0;Cassio_x2;18000;0;0;0.638007;14.6194;0.149997;13.895
0;Cassio_x1;18000;0;0;0.415288;14.7173;0.101121;14.3486
0;Cassio_x0;18000;0;0;0.480232;14.7909;0.0758648;14.3619
