instance_id;sensor_name;received;lost;loss_percent;avg_latency_ms;max_latency_ms;avg_jitter_ms;max_jitter_ms
0;Cassio_x7;18000;0;0;0.815304;7.70113;0.142355;7.03851
0;Cassio_x4;18000;0;0;0.00787107;7.79017;0.109524;7.83577
0;Cassio_x3;18000;0;0;0.612863;3.62651;0.130718;3.232
0;Cassio_x5;18000;0;0;0.202289;8.02159;0.165636;7.97868
0;Cassio_x2;18000;0;0;0.527542;3.69828;0.133734;3.18425
0;Cassio_x1;18000;0;0;0.349838;3.73627;0.1531;3.54501
0;Cassio_x6;18000;0;0;0.559007;7.83848;0.210464;7.46463
0;Cassio_x0;18000;0;0;0.33313;3.08363;0.0682378;2.72962
