instance_id;sensor_name;received;lost;loss_percent;avg_latency_ms;max_latency_ms;avg_jitter_ms;max_jitter_ms
0;Cassio_x3;18000;0;0;0.381768;7.30331;0.135724;7.02522
0;Cassio_x1;18000;0;0;0.110174;7.37811;0.143185;7.32205
0;Cassio_x0;18000;0;0;0.0803797;6.78214;0.0757956;6.77332
0;Cassio_x6;18000;0;0;0.588634;7.56884;0.204891;7.11953
0;Cassio_x2;18000;0;0;0.294724;7.29019;0.134665;7.07896
0;Cassio_x5;18001;0;0;0.168474;6.78951;0.166325;6.57513
0;Cassio_x7;18000;0;0;0.805393;7.56248;0.124799;6.77748
0;Cassio_x4;18001;0;0;-0.0681568;5.45319;0.101665;5.49575
