instance_id;sensor_name;received;lost;loss_percent;avg_latency_ms;max_latency_ms;avg_jitter_ms;max_jitter_ms
0;Cassio_x2;18000;0;0;0.319615;14.7843;0.161929;14.4839
0;Cassio_x5;18000;0;0;0.941493;15.2391;0.229523;14.0992
0;Cassio_x1;18000;0;0;0.104216;14.9869;0.101429;14.9888
0;Cassio_x0;18000;0;0;0.161832;15.181;0.0904539;15.0885
0;Cassio_x4;18000;0;0;0.573402;15.3564;0.144958;14.5943
0;Cassio_x3;18000;0;0;0.412591;15.4331;0.0882275;15.0531
