instance_id;sensor_name;received;lost;loss_percent;avg_latency_ms;max_latency_ms;avg_jitter_ms;max_jitter_ms
0;Cassio_x3;18000;0;0;0.663159;13.2199;0.149651;12.5711
0;Cassio_x2;18000;0;0;0.451213;13.3385;0.0809493;12.7509
0;Cassio_x1;18001;0;0;0.824309;16.2522;0.150293;15.4277
0;Cassio_x0;18001;0;0;0.828702;16.4402;0.130535;15.4494
