instance_id;sensor_name;received;lost;loss_percent;avg_latency_ms;max_latency_ms;avg_jitter_ms;max_jitter_ms
0;Cassio_x2;18000;0;0;0.970931;17.6738;0.16457;15.9315
0;Cassio_x5;18000;0;0;0.978851;17.9158;0.228463;15.9877
0;Cassio_x1;18000;0;0;0.756919;17.8366;0.10108;15.9996
0;Cassio_x0;18000;0;0;0.809831;18.0198;0.0874749;16.0851
0;Cassio_x4;18000;0;0;0.644624;18.0113;0.152962;16.3868
0;Cassio_x3;18000;0;0;0.467329;18.229;0.0937501;17.0124
