instance_id;sensor_name;received;lost;loss_percent;avg_latency_ms;max_latency_ms;avg_jitter_ms;max_jitter_ms
0;Cassio_x3;18000;0;0;1.01206;7.85168;0.135418;6.90614
0;Cassio_x1;18000;0;0;0.751778;8.1339;0.161958;7.39003
0;Cassio_x0;18000;0;0;0.724619;8.30635;0.076988;7.58589
0;Cassio_x6;18000;0;0;1.22755;5.13886;0.213258;4.10699
0;Cassio_x2;18000;0;0;0.925462;7.95657;0.13885;6.9651
0;Cassio_x5;18000;0;0;0.855228;5.25683;0.164185;4.38526
0;Cassio_x7;18000;0;0;1.47095;5.54362;0.136235;4.02147
0;Cassio_x4;18000;0;0;0.6774;5.41331;0.108;4.88014
