instance_id;sensor_name;received;lost;loss_percent;avg_latency_ms;max_latency_ms;avg_jitter_ms;max_jitter_ms
0;Cassio_x3;18001;0;0;0.872845;8.4225;0.13605;7.58897
0;Cassio_x2;18001;0;0;0.783617;8.5373;0.141726;7.89931
0;Cassio_x5;18001;0;0;0.765571;8.63723;0.173845;7.95985
0;Cassio_x1;18001;0;0;0.594073;8.65865;0.14648;8.07587
0;Cassio_x6;18001;0;0;1.14385;8.44706;0.211342;7.19861
0;Cassio_x0;18001;0;0;0.59081;8.80633;0.0752161;8.09734
0;Cassio_x7;18001;0;0;1.37911;8.35424;0.137444;6.92989
0;Cassio_x4;18001;0;0;0.574381;8.79488;0.115181;8.16608
