instance_id;sensor_name;received;lost;loss_percent;avg_latency_ms;max_latency_ms;avg_jitter_ms;max_jitter_ms
0;Cassio_x4;18000;0;0;0.669412;8.32196;0.152986;7.64356
0;Cassio_x3;18000;0;0;0.478772;8.50226;0.0864481;8.07267
0;Cassio_x5;18000;0;0;1.03879;8.11211;0.242968;7.36502
0;Cassio_x2;18000;0;0;0.546583;3.16343;0.146883;2.74755
0;Cassio_x1;18001;0;0;0.338373;3.26405;0.0997966;2.99677
0;Cassio_x0;18001;0;0;0.409311;3.38327;0.069528;3.10862
