instance_id;sensor_name;received;lost;loss_percent;avg_latency_ms;max_latency_ms;avg_jitter_ms;max_jitter_ms
0;Cassio_x4;18000;0;0;0.44542;3.52872;0.158348;3.21012
0;Cassio_x3;18000;0;0;0.255602;3.77747;0.0947931;3.56048
0;Cassio_x5;18000;0;0;0.740858;3.39842;0.190127;2.67941
0;Cassio_x2;18000;0;0;1.07613;5.07663;0.155148;4.06992
0;Cassio_x1;18000;0;0;0.860416;5.29249;0.101103;4.51132
0;Cassio_x0;18000;0;0;0.939039;5.54024;0.0751713;4.69472
