instance_id;sensor_name;received;lost;loss_percent;avg_latency_ms;max_latency_ms;avg_jitter_ms;max_jitter_ms
0;Cassio_x3;18000;0;0;1.69812;6.14416;0.137189;4.55485
0;Cassio_x2;18000;0;0;1.39179;6.29742;0.139377;4.7889
0;Cassio_x1;18000;0;0;1.08985;6.47538;0.141498;5.33056
0;Cassio_x0;18000;0;0;0.724395;4.45049;0.0450496;3.7334
