instance_id;sensor_name;received;lost;loss_percent;avg_latency_ms;max_latency_ms;avg_jitter_ms;max_jitter_ms
0;Cassio_x4;18001;0;0;2.63813;8.03699;0.142499;5.5576
0;Cassio_x3;18001;0;0;2.31893;8.15166;0.127744;5.88966
0;Cassio_x5;18000;0;0;2.93766;8.09315;0.150297;5.12904
0;Cassio_x2;18001;0;0;2.00953;8.27927;0.130121;6.40724
0;Cassio_x1;18001;0;0;1.71664;8.41813;0.143473;6.86624
0;Cassio_x0;18001;0;0;1.33087;8.55349;0.0321126;7.22472
