instance_id;sensor_name;received;lost;loss_percent;avg_latency_ms;max_latency_ms;avg_jitter_ms;max_jitter_ms
0;Cassio_x3;17999;0;0;0.531103;5.07645;0.0883726;4.56575
0;Cassio_x2;18000;0;0;0.496481;5.26399;0.083459;4.81507
0;Cassio_x1;18000;0;0;0.456413;5.45857;0.0809345;5.06479
0;Cassio_x0;18000;0;0;0.393407;5.61764;0.03685;5.22274
