instance_id;sensor_name;received;lost;loss_percent;avg_latency_ms;max_latency_ms;avg_jitter_ms;max_jitter_ms
0;Cassio_x7;17985;15;0.0833333;0.49828;5.06085;0.121343;4.43789
0;Cassio_x4;18000;0;0;0.364723;10.633;0.101711;10.3003
0;Cassio_x3;18000;0;0;0.326913;10.7848;0.0853231;10.4908
0;Cassio_x5;18000;0;0;0.409425;10.4538;0.116716;10.0272
0;Cassio_x2;18000;0;0;0.286682;11.0771;0.076078;10.7702
0;Cassio_x1;18000;0;0;0.237927;11.2863;0.0736102;11.0231
0;Cassio_x6;18000;0;0;0.45707;10.235;0.124761;9.77786
0;Cassio_x0;18000;0;0;0.176223;11.4132;0.0395127;11.1879
