instance_id;sensor_name;received;lost;loss_percent;avg_latency_ms;max_latency_ms;avg_jitter_ms;max_jitter_ms
0;Cassio_x7;18000;0;0;2.09362;5.80836;0.193075;3.85298
0;Cassio_x4;18000;0;0;2.12996;7.02475;0.13116;5.02965
0;Cassio_x3;18000;0;0;1.80936;7.13807;0.126688;5.49575
0;Cassio_x5;18000;0;0;2.43674;6.93605;0.136204;4.59347
0;Cassio_x2;18001;0;0;1.49838;5.73159;0.13072;4.26776
0;Cassio_x1;18001;0;0;1.19539;5.82957;0.139072;4.62711
0;Cassio_x6;18000;0;0;2.7153;6.43407;0.166308;3.71029
0;Cassio_x0;18001;0;0;0.823292;5.90803;0.0292748;5.06887
