instance_id;sensor_name;received;lost;loss_percent;avg_latency_ms;max_latency_ms;avg_jitter_ms;max_jitter_ms
0;Cassio_x3;18000;0;0;1.89972;4.89644;0.143954;3.13596
0;Cassio_x2;18001;0;0;1.5797;5.0385;0.147666;3.47342
0;Cassio_x1;18001;0;0;1.27599;5.13176;0.141207;3.96198
0;Cassio_x0;18001;0;0;0.899888;4.04125;0.0483828;3.14772
