instance_id;sensor_name;received;lost;loss_percent;avg_latency_ms;max_latency_ms;avg_jitter_ms;max_jitter_ms
0;Cassio_x7;18000;0;0;2.30546;7.65885;0.227952;5.55327
0;Cassio_x4;18001;0;0;2.31096;8.88683;0.139282;6.71904
0;Cassio_x3;18001;0;0;1.99791;7.23025;0.135362;5.3273
0;Cassio_x5;18001;0;0;2.61698;8.83743;0.143997;6.34374
0;Cassio_x2;18001;0;0;1.69765;7.37079;0.131573;5.84368
0;Cassio_x1;18001;0;0;1.39431;7.47369;0.145012;6.04833
0;Cassio_x6;18000;0;0;2.89513;8.70438;0.166641;6.00758
0;Cassio_x0;18001;0;0;1.02709;4.27;0.035917;3.25829
