instance_id;sensor_name;received;lost;loss_percent;avg_latency_ms;max_latency_ms;avg_jitter_ms;max_jitter_ms
0;Cassio_x7;15118;2881;16.0064;0.114781;8.78813;0.133848;8.78482
0;Cassio_x4;15133;2866;15.9231;-0.00398857;5.08376;0.0981192;5.22841
0;Cassio_x3;15135;2865;15.9167;-0.0357649;4.54298;0.0795896;4.5954
0;Cassio_x5;15129;2870;15.9453;0.0327911;6.41267;0.109582;6.40653
0;Cassio_x2;15139;2861;15.8944;-0.0710203;3.22851;0.0705564;2.73119
0;Cassio_x1;15139;2861;15.8944;-0.112618;3.54678;0.0743014;2.9339
0;Cassio_x6;15126;2873;15.962;0.0750324;8.93753;0.125211;8.99654
0;Cassio_x0;15139;2861;15.8944;-0.183085;2.92004;0.030741;3.12278
