instance_id;sensor_name;received;lost;loss_percent;avg_latency_ms;max_latency_ms;avg_jitter_ms;max_jitter_ms
0;Cassio_x4;18000;0;0;2.35315;7.76475;0.141508;5.49244
0;Cassio_x3;18000;0;0;2.03305;7.90988;0.144673;5.99955
0;Cassio_x5;18000;0;0;2.65764;7.64966;0.146151;5.03152
0;Cassio_x2;18000;0;0;1.72416;8.0506;0.146735;6.30907
0;Cassio_x1;18000;0;0;1.42133;7.94569;0.147893;6.50886
0;Cassio_x0;18000;0;0;1.04553;7.8832;0.0455529;6.89231
