instance_id;sensor_name;received;lost;loss_percent;avg_latency_ms;max_latency_ms;avg_jitter_ms;max_jitter_ms
0;Cassio_x4;18000;0;0;2.0718;6.11713;0.133899;4.14562
0;Cassio_x3;18000;0;0;1.75509;6.26243;0.130732;4.66133
0;Cassio_x5;18000;0;0;2.37196;7.75033;0.138772;5.55538
0;Cassio_x2;18000;0;0;1.44586;6.41192;0.133484;5.16488
0;Cassio_x1;18000;0;0;1.14223;6.514;0.140743;5.53422
0;Cassio_x0;18001;0;0;0.777133;6.60447;0.0409071;5.73803
