instance_id;sensor_name;received;lost;loss_percent;avg_latency_ms;max_latency_ms;avg_jitter_ms;max_jitter_ms
0;Cassio_x4;18000;0;0;2.16741;8.68003;0.143286;6.61553
0;Cassio_x3;18000;0;0;1.85386;6.87209;0.13929;5.1389
0;Cassio_x5;18000;0;0;2.46436;8.61313;0.14804;6.27194
0;Cassio_x2;18000;0;0;1.55295;7.03319;0.138913;5.64646
0;Cassio_x1;18000;0;0;1.25234;7.10721;0.148588;5.99343
0;Cassio_x0;18000;0;0;0.88391;7.14027;0.0421866;6.20111
