instance_id;sensor_name;received;lost;loss_percent;avg_latency_ms;max_latency_ms;avg_jitter_ms;max_jitter_ms
0;Cassio_x7;18000;0;0;1.17506;7.6468;0.11525;6.60732
0;Cassio_x4;18000;0;0;1.00736;8.22446;0.10125;7.30944
0;Cassio_x3;18000;0;0;0.961798;8.38115;0.078747;7.37624
0;Cassio_x5;18000;0;0;1.06535;8.04246;0.115356;6.97642
0;Cassio_x2;18000;0;0;0.910313;7.07648;0.0608994;6.10871
0;Cassio_x1;18000;0;0;0.849441;4.50831;0.0552877;3.6986
0;Cassio_x6;18000;0;0;1.12572;7.84451;0.119556;6.95777
0;Cassio_x0;18000;0;0;0.787857;3.09599;0.0281706;2.27787
