instance_id;sensor_name;received;lost;loss_percent;avg_latency_ms;max_latency_ms;avg_jitter_ms;max_jitter_ms
0;Cassio_x3;18000;0;0;0.0595294;7.03406;0.0926555;6.98706
0;Cassio_x2;18000;0;0;0.0317259;7.26209;0.0872309;7.34808
0;Cassio_x1;18000;0;0;-0.00748856;7.5278;0.0844659;7.66093
0;Cassio_x0;18000;0;0;-0.0682688;7.74682;0.0427171;7.91606
