instance_id;sensor_name;received;lost;loss_percent;avg_latency_ms;max_latency_ms;avg_jitter_ms;max_jitter_ms
0;Cassio_x4;18000;0;0;0.654535;5.5973;0.100849;4.96231
0;Cassio_x3;18000;0;0;0.610264;5.75284;0.0827748;5.09812
0;Cassio_x5;18000;0;0;0.715575;5.39373;0.104849;4.62049
0;Cassio_x2;18000;0;0;0.561065;5.92306;0.0674561;5.35935
0;Cassio_x1;18000;0;0;0.501922;6.13262;0.0620395;5.61842
0;Cassio_x0;18000;0;0;0.44334;6.25549;0.0346412;5.79673
