instance_id;sensor_name;received;lost;loss_percent;avg_latency_ms;max_latency_ms;avg_jitter_ms;max_jitter_ms
0;Cassio_x7;17991;9;0.05;-0.0366474;3.0952;0.117044;3.23824
0;Cassio_x4;18000;0;0;-0.177817;3.92019;0.0962474;4.05668
0;Cassio_x3;18000;0;0;-0.210963;4.19465;0.0789217;4.41803
0;Cassio_x5;18000;0;0;-0.13162;3.70859;0.106723;3.92986
0;Cassio_x2;18000;0;0;-0.250878;4.42723;0.0668685;4.6789
0;Cassio_x1;18000;0;0;-0.302549;4.6222;0.065269;4.90787
0;Cassio_x6;18000;0;0;-0.0807539;3.52994;0.116785;3.69176
0;Cassio_x0;18000;0;0;-0.362156;4.74212;0.034402;5.09455
