instance_id;sensor_name;received;lost;loss_percent;avg_latency_ms;max_latency_ms;avg_jitter_ms;max_jitter_ms
0;Cassio_x7;17996;4;0.0222222;0.977582;5.40445;0.112739;4.31275
0;Cassio_x4;18000;0;0;0.816636;6.00875;0.0949665;5.20209
0;Cassio_x3;18000;0;0;0.77139;6.22768;0.0748811;5.50226
0;Cassio_x5;18000;0;0;0.872652;5.72057;0.108354;4.87368
0;Cassio_x2;18000;0;0;0.723193;6.43127;0.0614984;5.75169
0;Cassio_x1;18000;0;0;0.66601;6.57575;0.0593841;5.9681
0;Cassio_x6;18000;0;0;0.930363;5.48507;0.114623;4.57179
0;Cassio_x0;18000;0;0;0.607686;6.75871;0.0320061;6.16926
