instance_id;sensor_name;received;lost;loss_percent;avg_latency_ms;max_latency_ms;avg_jitter_ms;max_jitter_ms
0;Cassio_x7;17999;1;0.00555556;2.07002;7.65372;0.207934;5.49701
0;Cassio_x4;18000;0;0;2.08658;5.49441;0.137828;3.51976
0;Cassio_x3;18000;0;0;1.77098;5.35332;0.139393;3.4945
0;Cassio_x5;18000;0;0;2.39288;5.43246;0.142591;3.0709
0;Cassio_x2;18000;0;0;1.4688;5.48218;0.140029;3.76912
0;Cassio_x1;18000;0;0;1.16468;5.62036;0.146918;3.8935
0;Cassio_x6;18000;0;0;2.66623;6.25826;0.172441;3.55875
0;Cassio_x0;18000;0;0;0.793521;5.09141;0.0402346;4.30745
