instance_id;sensor_name;received;lost;loss_percent;avg_latency_ms;max_latency_ms;avg_jitter_ms;max_jitter_ms
0;Cassio_x4;18000;0;0;0.612754;6.06589;0.102663;5.46107
0;Cassio_x3;18000;0;0;0.566269;5.93547;0.0863232;5.39886
0;Cassio_x5;18000;0;0;0.665662;5.90788;0.113729;5.26111
0;Cassio_x2;18000;0;0;0.523468;4.57563;0.0710203;4.06432
0;Cassio_x1;18000;0;0;0.471693;4.75665;0.0673579;4.30373
0;Cassio_x0;18000;0;0;0.410639;4.87392;0.03365;4.41336
