instance_id;sensor_name;received;lost;loss_percent;avg_latency_ms;max_latency_ms;avg_jitter_ms;max_jitter_ms
0;Cassio_x3;18000;0;0;2.05872;5.83468;0.136514;3.89499
0;Cassio_x2;18000;0;0;1.74129;5.98448;0.140118;4.42715
0;Cassio_x1;18000;0;0;1.43721;5.8492;0.139426;4.25935
0;Cassio_x0;18000;0;0;1.06849;4.87194;0.0445382;3.85693
