instance_id;sensor_name;received;lost;loss_percent;avg_latency_ms;max_latency_ms;avg_jitter_ms;max_jitter_ms
0;Cassio_x3;18000;0;0;0.811654;8.68937;0.0883375;7.73498
0;Cassio_x2;18000;0;0;0.768353;8.82059;0.0806027;8.00802
0;Cassio_x1;18000;0;0;0.716958;9.0197;0.0759687;8.10947
0;Cassio_x0;18000;0;0;0.656911;9.18717;0.0415608;8.42044
