instance_id;sensor_name;received;lost;loss_percent;avg_latency_ms;max_latency_ms;avg_jitter_ms;max_jitter_ms
0;Cassio_x4;18000;0;0;2.22875;5.06444;0.141972;2.88033
0;Cassio_x3;18000;0;0;1.90921;5.18259;0.139843;3.31419
0;Cassio_x5;18000;0;0;2.53037;4.93542;0.147203;2.53703
0;Cassio_x2;18000;0;0;1.59783;5.29699;0.139408;3.81072
0;Cassio_x1;18000;0;0;1.29767;5.4933;0.143351;4.33947
0;Cassio_x0;18000;0;0;0.920897;5.67619;0.0431114;4.76165
