instance_id;sensor_name;received;lost;loss_percent;avg_latency_ms;max_latency_ms;avg_jitter_ms;max_jitter_ms
0;Cassio_x3;18000;0;0;0.970747;7.86036;0.094725;6.83542
0;Cassio_x2;18000;0;0;0.934989;8.15022;0.0834896;7.26529
0;Cassio_x1;18000;0;0;0.885935;8.39135;0.0806023;7.56715
0;Cassio_x0;18000;0;0;0.827659;8.46732;0.0400054;7.56204
