instance_id;sensor_name;received;lost;loss_percent;avg_latency_ms;max_latency_ms;avg_jitter_ms;max_jitter_ms
0;Cassio_x3;18000;0;0;1.83189;9.46336;0.133891;7.72744
0;Cassio_x2;18001;0;0;1.53218;9.59348;0.133985;8.20704
0;Cassio_x1;18001;0;0;1.23245;9.72195;0.145406;8.68105
0;Cassio_x0;18001;0;0;0.869364;3.68294;0.0420691;2.73385
