instance_id;sensor_name;received;lost;loss_percent;avg_latency_ms;max_latency_ms;avg_jitter_ms;max_jitter_ms
0;Cassio_x4;18000;0;0;0.0582538;6.954;0.106902;6.39114
0;Cassio_x3;18000;0;0;0.0292787;7.18938;0.0921569;6.88242
0;Cassio_x5;18000;0;0;0.0981148;6.60265;0.113285;6.23248
0;Cassio_x2;18000;0;0;-0.00441545;7.41486;0.0786165;7.38005
0;Cassio_x1;18000;0;0;-0.0509565;7.69039;0.0746835;7.68763
0;Cassio_x0;18000;0;0;-0.110949;5.49691;0.0333241;5.5577
