instance_id;sensor_name;received;lost;loss_percent;avg_latency_ms;max_latency_ms;avg_jitter_ms;max_jitter_ms
0;Cassio_x7;17995;5;0.0277778;0.617823;5.40511;0.129324;4.91788
0;Cassio_x4;18000;0;0;0.503758;8.10871;0.100338;7.47615
0;Cassio_x3;18000;0;0;0.475554;8.31227;0.0851912;7.80101
0;Cassio_x5;18000;0;0;0.539075;7.9203;0.111501;7.15119
0;Cassio_x2;18000;0;0;0.440279;8.48274;0.0742538;7.9903
0;Cassio_x1;18000;0;0;0.393512;8.68491;0.0723103;8.2866
0;Cassio_x6;18000;0;0;0.579893;7.73147;0.12273;6.93773
0;Cassio_x0;18000;0;0;0.333884;8.8185;0.035164;8.48893
