instance_id;sensor_name;received;lost;loss_percent;avg_latency_ms;max_latency_ms;avg_jitter_ms;max_jitter_ms
0;Cassio_x4;18000;0;0;1.92072;5.16357;0.138922;3.37617
0;Cassio_x3;18000;0;0;1.60329;5.02939;0.135036;3.46045
0;Cassio_x5;18000;0;0;2.22261;5.84236;0.142716;3.12556
0;Cassio_x2;18000;0;0;1.29735;4.91228;0.136226;3.72278
0;Cassio_x1;18000;0;0;0.994631;4.96355;0.142262;3.95425
0;Cassio_x0;18000;0;0;0.625477;4.54958;0.0374997;3.95667
