instance_id;sensor_name;received;lost;loss_percent;avg_latency_ms;max_latency_ms;avg_jitter_ms;max_jitter_ms
0;Cassio_x3;18000;0;0;0.607648;6.54288;0.0911788;5.82631
0;Cassio_x2;18000;0;0;0.568427;6.73854;0.0795546;6.04103
0;Cassio_x1;18000;0;0;0.513984;6.96676;0.0747541;6.41537
0;Cassio_x0;18000;0;0;0.455472;7.14696;0.0377499;6.6016
