instance_id;sensor_name;received;lost;loss_percent;avg_latency_ms;max_latency_ms;avg_jitter_ms;max_jitter_ms
0;Cassio_x3;18000;0;0;0.627018;5.35527;0.0929662;4.79095
0;Cassio_x2;18000;0;0;0.595084;5.58152;0.0863311;5.01957
0;Cassio_x1;18000;0;0;0.554052;5.77684;0.0848305;5.3509
0;Cassio_x0;18000;0;0;0.49143;5.84812;0.0404477;5.35805
