instance_id;sensor_name;received;lost;loss_percent;avg_latency_ms;max_latency_ms;avg_jitter_ms;max_jitter_ms
0;Cassio_x7;17999;1;0.00555556;2.57991;8.27686;0.225659;5.69173
0;Cassio_x4;18000;0;0;2.59393;5.15706;0.137739;2.52647
0;Cassio_x3;18001;0;0;2.28119;5.3235;0.129163;3.04153
0;Cassio_x5;18000;0;0;2.89663;6.5663;0.141617;3.58254
0;Cassio_x2;18001;0;0;1.97973;5.43318;0.126252;3.48967
0;Cassio_x1;18001;0;0;1.68512;5.46487;0.141966;3.74273
0;Cassio_x6;18000;0;0;3.1732;9.27655;0.161625;6.00711
0;Cassio_x0;18001;0;0;1.3041;5.65733;0.0309947;4.35217
