instance_id;sensor_name;received;lost;loss_percent;avg_latency_ms;max_latency_ms;avg_jitter_ms;max_jitter_ms
0;Cassio_x3;17998;2;0.0111111;1.94632;18.3442;0.133461;15.5526
0;Cassio_x2;18000;0;0;1.63346;18.4747;0.140239;15.5012
0;Cassio_x1;18000;0;0;1.33254;18.6133;0.146923;16.0618
0;Cassio_x0;18000;0;0;0.958599;18.8391;0.0428255;16.8223
