instance_id;sensor_name;received;lost;loss_percent;avg_latency_ms;max_latency_ms;avg_jitter_ms;max_jitter_ms
0;Cassio_x4;18000;0;0;2.17412;21.1117;0.137975;19.0654
0;Cassio_x3;18000;0;0;1.85632;21.216;0.134845;19.531
0;Cassio_x5;18000;0;0;2.47587;20.9882;0.142607;18.5975
0;Cassio_x2;18000;0;0;1.54722;11.6316;0.134791;9.80386
0;Cassio_x1;18001;0;0;1.24534;11.7587;0.143244;10.4104
0;Cassio_x0;18001;0;0;0.873177;11.9558;0.0333927;11.1247
