instance_id;sensor_name;received;lost;loss_percent;avg_latency_ms;max_latency_ms;avg_jitter_ms;max_jitter_ms
0;Cassio_x3;18000;0;0;-0.196936;8.80604;0.0910374;8.96946
0;Cassio_x2;18000;0;0;-0.241141;6.90849;0.078231;7.17971
0;Cassio_x1;18000;0;0;-0.292729;7.09842;0.077588;7.50663
0;Cassio_x0;18000;0;0;-0.351273;7.23634;0.037654;7.54099
