instance_id;sensor_name;received;lost;loss_percent;avg_latency_ms;max_latency_ms;avg_jitter_ms;max_jitter_ms
0;Cassio_x7;17997;3;0.0166667;0.779356;7.16413;0.121598;6.58582
0;Cassio_x4;18000;0;0;0.626048;7.48168;0.097118;6.92418
0;Cassio_x3;18000;0;0;0.584323;4.97357;0.0760994;4.33617
0;Cassio_x5;18000;0;0;0.679062;7.44309;0.112407;6.83846
0;Cassio_x2;18000;0;0;0.539386;3.64697;0.0637279;3.17164
0;Cassio_x1;18000;0;0;0.482685;3.9096;0.0593723;3.51251
0;Cassio_x6;18000;0;0;0.734055;7.32607;0.123479;6.82134
0;Cassio_x0;18001;0;0;0.422427;3.83345;0.0304733;3.45293
