instance_id;sensor_name;received;lost;loss_percent;avg_latency_ms;max_latency_ms;avg_jitter_ms;max_jitter_ms
0;Cassio_x3;18000;0;0;2.37332;9.27641;0.146835;6.79945
0;Cassio_x2;18000;0;0;2.05139;9.4184;0.147852;7.29386
0;Cassio_x1;18000;0;0;1.74688;9.55993;0.140051;7.75597
0;Cassio_x0;18000;0;0;1.37004;9.74764;0.0453291;8.40719
