instance_id;sensor_name;received;lost;loss_percent;avg_latency_ms;max_latency_ms;avg_jitter_ms;max_jitter_ms
0;Cassio_x7;18000;0;0;1.86042;6.75063;0.199195;4.94279
0;Cassio_x4;18000;0;0;1.89763;8.02571;0.134147;6.30841
0;Cassio_x3;18000;0;0;1.58112;8.14513;0.126301;6.64009
0;Cassio_x5;18000;0;0;2.20202;7.9296;0.14156;5.81776
0;Cassio_x2;18000;0;0;1.2721;8.22775;0.128525;7.03432
0;Cassio_x1;18000;0;0;0.97356;8.17178;0.139025;7.33063
0;Cassio_x6;18000;0;0;2.48495;7.80137;0.161839;5.5096
0;Cassio_x0;18000;0;0;0.599103;3.00726;0.0300796;2.45422
