instance_id;sensor_name;received;lost;loss_percent;avg_latency_ms;max_latency_ms;avg_jitter_ms;max_jitter_ms
0;Cassio_x4;18000;0;0;1.01574;11.5881;0.102206;10.5251
0;Cassio_x3;18000;0;0;0.970102;11.689;0.0855329;10.6922
0;Cassio_x5;18000;0;0;1.06672;11.4367;0.113425;10.3775
0;Cassio_x2;18000;0;0;0.926594;11.8471;0.0766165;10.839
0;Cassio_x1;17999;1;0.00555556;0.876608;11.9051;0.0712976;10.9795
0;Cassio_x0;18000;0;0;0.815841;11.5857;0.0376874;10.6505
