instance_id;sensor_name;received;lost;loss_percent;avg_latency_ms;max_latency_ms;avg_jitter_ms;max_jitter_ms
0;Cassio_x4;18000;0;0;1.44874;5.92177;0.101376;4.51819
0;Cassio_x2;18000;0;0;1.36987;6.23327;0.0993524;4.9126
0;Cassio_x6;18000;0;0;1.57247;5.58722;0.141479;4.015
0;Cassio_x0;18000;0;0;1.14135;6.69606;0.0346481;5.55683
1;Cassio_x7;18002;0;0;1.53861;12.7009;0.122832;11.2726
1;Cassio_x5;18002;0;0;1.43415;9.51328;0.100957;8.10638
1;Cassio_x3;18003;0;0;1.48649;9.80006;0.141654;8.70884
1;Cassio_x1;18003;0;0;1.20745;10.0284;0.112404;8.86517
