instance_id;sensor_name;received;lost;loss_percent;avg_latency_ms;max_latency_ms;avg_jitter_ms;max_jitter_ms
0;Cassio_x4;18000;0;0;0.485823;8.42559;0.100475;7.83487
0;Cassio_x2;18001;0;0;0.405083;8.68665;0.095801;8.14206
0;Cassio_x0;18001;0;0;0.164958;8.94981;0.0315605;8.84517
1;Cassio_x5;18008;0;0;0.476431;8.22254;0.101352;7.85868
1;Cassio_x3;18008;0;0;0.497957;8.46717;0.147703;8.12298
1;Cassio_x1;18008;0;0;0.22591;8.72304;0.110951;8.62249
