instance_id;sensor_name;received;lost;loss_percent;avg_latency_ms;max_latency_ms;avg_jitter_ms;max_jitter_ms
0;Cassio_x2;18000;0;0;0.79604;9.85252;0.142225;9.04241
0;Cassio_x0;18000;0;0;0.615793;10.2311;0.0804224;9.61364
1;Cassio_x3;18009;0;0;0.882471;5.75298;0.145964;4.92522
1;Cassio_x1;18009;0;0;0.625154;6.13439;0.150498;5.6553
