instance_id;sensor_name;received;lost;loss_percent;avg_latency_ms;max_latency_ms;avg_jitter_ms;max_jitter_ms
0;Cassio_x4;18000;0;0;0.606094;6.11683;0.104052;5.50437
0;Cassio_x2;18001;0;0;0.524;6.3698;0.0958089;6.05912
0;Cassio_x0;18001;0;0;0.294768;6.17949;0.0342691;5.97436
1;Cassio_x5;18007;0;0;0.590336;7.10766;0.103591;6.53163
1;Cassio_x3;18007;0;0;0.635152;7.34863;0.144373;6.90418
1;Cassio_x1;18007;0;0;0.362908;5.12707;0.111919;4.92042
