instance_id;sensor_name;received;lost;loss_percent;avg_latency_ms;max_latency_ms;avg_jitter_ms;max_jitter_ms
0;Cassio_x4;18001;0;0;0.480729;4.0074;0.104059;3.65275
0;Cassio_x2;18001;0;0;0.395404;4.28319;0.0981126;3.95189
0;Cassio_x6;18000;0;0;0.593063;3.75671;0.144873;3.25952
0;Cassio_x0;18001;0;0;0.159473;4.6488;0.0321846;4.48151
1;Cassio_x7;18007;0;0;0.5753;4.46647;0.124201;3.82824
1;Cassio_x5;18007;0;0;0.468228;4.73407;0.103514;4.31946
1;Cassio_x3;18007;0;0;0.49437;5.00136;0.147275;4.62096
1;Cassio_x1;18007;0;0;0.229091;5.31976;0.116517;5.20315
