instance_id;sensor_name;received;lost;loss_percent;avg_latency_ms;max_latency_ms;avg_jitter_ms;max_jitter_ms
0;Cassio_x4;18000;0;0;0.866576;4.8989;0.101013;4.03218
0;Cassio_x2;18000;0;0;0.779219;4.03159;0.0993;3.2805
0;Cassio_x0;18000;0;0;0.533731;3.48439;0.0322373;2.9301
1;Cassio_x5;18005;0;0;0.849498;5.26974;0.100728;4.25237
1;Cassio_x3;18005;0;0;0.855474;4.98853;0.14636;4.31088
1;Cassio_x1;18005;0;0;0.592713;4.32794;0.115603;3.85109
