instance_id;sensor_name;received;lost;loss_percent;avg_latency_ms;max_latency_ms;avg_jitter_ms;max_jitter_ms
0;Cassio_x4;18000;0;0;0.792461;6.47985;0.104313;5.84493
0;Cassio_x2;18000;0;0;0.714984;6.72958;0.0973317;6.1322
0;Cassio_x0;18001;0;0;0.487371;5.55119;0.0334438;5.05873
1;Cassio_x5;18009;0;0;0.777015;6.18539;0.102303;5.32351
1;Cassio_x3;18009;0;0;0.831662;6.44921;0.143058;5.65902
1;Cassio_x1;18009;0;0;0.554974;6.76281;0.110217;6.3684
