instance_id;sensor_name;received;lost;loss_percent;avg_latency_ms;max_latency_ms;avg_jitter_ms;max_jitter_ms
0;Cassio_x4;18000;0;0;0.609253;6.74355;0.101159;6.11179
0;Cassio_x2;18000;0;0;0.521451;4.78719;0.0945064;4.50029
0;Cassio_x6;18000;0;0;0.737185;6.35987;0.140268;5.74407
0;Cassio_x0;18001;0;0;0.293553;3.96311;0.0312;3.67869
1;Cassio_x7;18002;0;0;0.705684;6.21379;0.12233;5.73262
1;Cassio_x5;18003;0;0;0.596832;6.51445;0.0998099;5.99497
1;Cassio_x3;18003;0;0;0.644103;6.49325;0.140582;5.83833
1;Cassio_x1;18003;0;0;0.375587;3.49081;0.110034;3.14544
