instance_id;sensor_name;received;lost;loss_percent;avg_latency_ms;max_latency_ms;avg_jitter_ms;max_jitter_ms
0;Cassio_x4;18000;0;0;0.776094;3.82091;0.0972055;3.16952
0;Cassio_x2;18000;0;0;0.699663;4.09997;0.0930347;3.49517
0;Cassio_x6;18000;0;0;0.897777;3.5543;0.135656;2.82624
0;Cassio_x0;18000;0;0;0.474991;3.70451;0.0313208;3.18372
1;Cassio_x7;18010;0;0;0.867317;5.32022;0.122892;4.44633
1;Cassio_x5;18010;0;0;0.770711;5.60049;0.0992788;4.92675
1;Cassio_x3;18010;0;0;0.831129;5.89318;0.137756;5.2831
1;Cassio_x1;18010;0;0;0.548738;6.31539;0.107168;5.83162
