instance_id;sensor_name;received;lost;loss_percent;avg_latency_ms;max_latency_ms;avg_jitter_ms;max_jitter_ms
0;Cassio_x4;18000;0;0;0.732452;5.16755;0.0989838;4.58965
0;Cassio_x2;18001;0;0;0.651929;5.43266;0.0954624;4.90886
0;Cassio_x6;18000;0;0;0.86456;4.91599;0.139553;4.12074
0;Cassio_x0;18001;0;0;0.41971;5.82887;0.0335848;5.45355
1;Cassio_x7;18007;0;0;0.831055;5.80615;0.117944;4.8479
1;Cassio_x5;18007;0;0;0.722641;6.11321;0.099076;5.47741
1;Cassio_x3;18007;0;0;0.768094;6.40773;0.141651;5.76373
1;Cassio_x1;18007;0;0;0.490357;6.73283;0.110701;6.33711
