instance_id;sensor_name;received;lost;loss_percent;avg_latency_ms;max_latency_ms;avg_jitter_ms;max_jitter_ms
0;Cassio_x4;18000;0;0;1.14204;6.3809;0.106679;5.23691
0;Cassio_x2;18000;0;0;1.05978;6.69079;0.100602;5.7743
0;Cassio_x0;18000;0;0;0.822905;6.91636;0.0367941;6.15671
1;Cassio_x5;18001;0;0;1.12355;7.02098;0.105437;5.93358
1;Cassio_x3;18001;0;0;1.15055;7.35283;0.149113;6.43284
1;Cassio_x1;18001;0;0;0.88289;7.60615;0.116535;6.67669
