instance_id;sensor_name;received;lost;loss_percent;avg_latency_ms;max_latency_ms;avg_jitter_ms;max_jitter_ms
0;Cassio_x2;18000;0;0;0.530945;3.21194;0.134524;2.83783
0;Cassio_x0;18000;0;0;0.3375;3.62759;0.0704871;3.31492
1;Cassio_x3;18001;0;0;0.619302;45.4852;0.148808;44.7134
1;Cassio_x1;18001;0;0;0.364188;45.7276;0.155742;45.4464
