instance_id;sensor_name;received;lost;loss_percent;avg_latency_ms;max_latency_ms;avg_jitter_ms;max_jitter_ms
0;Cassio_x2;18000;0;0;0.616369;17.9259;0.0892944;17.4216
0;Cassio_x0;18000;0;0;0.5115;18.3819;0.0425313;17.9881
1;Cassio_x3;18000;0;0;0.629907;17.9951;0.086724;17.4489
1;Cassio_x1;18000;0;0;0.589226;17.9911;0.0905701;17.5453
