instance_id;sensor_name;received;lost;loss_percent;avg_latency_ms;max_latency_ms;avg_jitter_ms;max_jitter_ms
0;Cassio_x5;12545;3044;19.5266;2.14115;6.49796;0.146046;4.56055
0;Cassio_x2;12580;3011;19.3124;1.19969;6.35591;0.144432;5.28024
1;Cassio_x4;12554;3037;19.4792;1.83247;7.452;0.138348;5.83126
1;Cassio_x3;12560;3031;19.4407;1.51288;7.56936;0.141718;6.32626
1;Cassio_x1;12586;3005;19.2739;0.887487;6.46532;0.143007;5.72034
1;Cassio_x0;12594;2997;19.2226;0.516337;5.3441;0.0418424;4.72103
