instance_id;sensor_name;received;lost;loss_percent;avg_latency_ms;max_latency_ms;avg_jitter_ms;max_jitter_ms
0;Cassio_x2;18000;0;0;-0.0514117;6.83491;0.0823407;6.87345
0;Cassio_x0;18000;0;0;-0.156619;7.35473;0.0396827;7.50492
1;Cassio_x3;18007;0;0;-0.0294597;8.45359;0.0847536;8.49959
1;Cassio_x1;18007;0;0;-0.0735433;8.87368;0.0882998;8.85647
