instance_id;sensor_name;received;lost;loss_percent;avg_latency_ms;max_latency_ms;avg_jitter_ms;max_jitter_ms
0;Cassio_x2;18000;0;0;0.719424;6.64844;0.081674;5.90848
0;Cassio_x0;18000;0;0;0.610071;5.9401;0.0359783;5.33209
1;Cassio_x3;18012;0;0;0.738911;5.68217;0.0829932;4.97649
1;Cassio_x1;18012;0;0;0.691141;5.91581;0.083056;5.17018
