instance_id;sensor_name;received;lost;loss_percent;avg_latency_ms;max_latency_ms;avg_jitter_ms;max_jitter_ms
0;Cassio_x5;18000;0;0;3.24138;7.5594;0.138088;4.32378
0;Cassio_x2;18000;0;0;2.3159;8.09818;0.130713;5.83518
1;Cassio_x4;18006;0;0;2.93121;7.65984;0.13313;4.72494
1;Cassio_x3;18006;0;0;2.61771;4.41134;0.127152;1.78536
1;Cassio_x1;18006;0;0;2.0027;4.7099;0.140418;2.8565
1;Cassio_x0;18006;0;0;1.63616;4.89836;0.037556;3.25844
