instance_id;sensor_name;received;lost;loss_percent;avg_latency_ms;max_latency_ms;avg_jitter_ms;max_jitter_ms
0;Cassio_x2;17999;0;0;-0.201157;4.66048;0.0786202;4.78574
0;Cassio_x0;17999;0;0;-0.312538;4.57141;0.0364926;4.95732
1;Cassio_x3;18002;0;0;-0.173145;7.47363;0.0831118;7.74067
1;Cassio_x1;18002;0;0;-0.233313;7.85174;0.0832064;8.05423
