instance_id;sensor_name;received;lost;loss_percent;avg_latency_ms;max_latency_ms;avg_jitter_ms;max_jitter_ms
0;Cassio_x2;18000;0;0;-0.190481;9.06046;0.0811449;9.29656
0;Cassio_x0;18000;0;0;-0.299806;9.57493;0.0364126;9.82034
1;Cassio_x3;18014;0;0;-0.168291;7.64235;0.0843575;7.85699
1;Cassio_x1;18014;0;0;-0.219622;8.1627;0.0858522;8.45289
