instance_id;sensor_name;received;lost;loss_percent;avg_latency_ms;max_latency_ms;avg_jitter_ms;max_jitter_ms
0;Cassio_x2;18000;0;0;0.89382;42.1275;0.135195;41.2888
1;Cassio_x3;18004;3;0.0166602;1.19432;42.0635;0.129819;40.8525
1;Cassio_x1;18004;3;0.0166602;0.574785;42.3502;0.143639;41.9102
1;Cassio_x0;18005;2;0.0111068;0.219178;42.5857;0.0452448;42.3721
