instance_id;sensor_name;received;lost;loss_percent;avg_latency_ms;max_latency_ms;avg_jitter_ms;max_jitter_ms
0;Cassio_x4;18000;0;0;0.235963;16.6621;0.0969327;15.456
0;Cassio_x2;18000;0;0;0.158473;17.0743;0.0774479;16.0766
0;Cassio_x0;18000;0;0;0.0409749;17.5587;0.0380901;16.6163
1;Cassio_x5;18012;0;0;0.273649;15.3682;0.109414;15.3266
1;Cassio_x3;18012;0;0;0.188818;15.7374;0.0805396;15.6222
1;Cassio_x1;18012;0;0;0.113698;16.2091;0.077528;16.1265
