instance_id;sensor_name;received;lost;loss_percent;avg_latency_ms;max_latency_ms;avg_jitter_ms;max_jitter_ms
0;Cassio_x4;18000;0;0;0.676898;4.53005;0.0870208;3.86615
0;Cassio_x2;18000;0;0;0.603857;5.03471;0.0718433;4.38979
0;Cassio_x6;18000;0;0;0.761935;4.05947;0.111071;3.27478
0;Cassio_x0;18000;0;0;0.49392;3.62539;0.0324505;3.18653
1;Cassio_x7;18009;0;0;0.79548;3.0768;0.113837;2.39365
1;Cassio_x5;18009;0;0;0.715912;3.63681;0.101253;2.97522
1;Cassio_x3;18009;0;0;0.634292;3.90768;0.0749179;3.43208
1;Cassio_x1;18009;0;0;0.568623;3.97404;0.0713983;3.35646
