instance_id;sensor_name;received;lost;loss_percent;avg_latency_ms;max_latency_ms;avg_jitter_ms;max_jitter_ms
0;Cassio_x4;18000;0;0;0.173398;3.49283;0.0936637;3.39571
0;Cassio_x2;18000;0;0;0.109826;4.00211;0.075501;3.93675
0;Cassio_x6;17999;0;0;0.248787;7.65204;0.12274;7.49687
0;Cassio_x0;18000;0;0;-0.000460291;4.33516;0.0342239;4.3111
1;Cassio_x7;18006;0;0;0.278529;4.68686;0.130467;4.1995
1;Cassio_x5;18006;0;0;0.199371;5.2271;0.107727;5.05637
1;Cassio_x3;18006;0;0;0.133695;5.76373;0.0786444;5.70918
1;Cassio_x1;18006;0;0;0.0713926;4.44112;0.0753878;4.42648
