instance_id;sensor_name;received;lost;loss_percent;avg_latency_ms;max_latency_ms;avg_jitter_ms;max_jitter_ms
0;Cassio_x5;18000;0;0;3.25504;7.78871;0.141069;4.61402
0;Cassio_x2;18000;0;0;2.31346;6.57024;0.140592;4.43523
1;Cassio_x7;18008;0;0;2.92511;7.54635;0.203382;4.73229
1;Cassio_x4;18009;0;0;2.93108;8.93002;0.135373;6.0238
1;Cassio_x3;18009;0;0;2.61591;9.03634;0.136455;6.49403
1;Cassio_x1;18009;0;0;1.98739;6.26596;0.139759;4.41741
1;Cassio_x6;18008;0;0;3.49712;8.57831;0.203573;5.11773
1;Cassio_x0;18009;0;0;1.62079;5.78626;0.0436181;4.18294
