instance_id;sensor_name;received;lost;loss_percent;avg_latency_ms;max_latency_ms;avg_jitter_ms;max_jitter_ms
0;Cassio_x2;18000;0;0;0.637521;4.98564;0.0770616;4.38233
0;Cassio_x0;18000;0;0;0.527159;5.41455;0.0348657;4.87402
1;Cassio_x3;18013;0;0;0.667161;8.34421;0.0814577;7.69044
1;Cassio_x1;18013;0;0;0.608428;8.80814;0.0815015;8.18422
