instance_id;sensor_name;received;lost;loss_percent;avg_latency_ms;max_latency_ms;avg_jitter_ms;max_jitter_ms
0;Cassio_x4;18000;0;0;0.0822266;8.07903;0.0968308;7.78367
0;Cassio_x2;18000;0;0;0.0383333;8.51595;0.0853753;8.48695
0;Cassio_x0;18001;0;0;-0.0671012;8.46748;0.0397316;8.49124
1;Cassio_x5;18000;0;0;0.0994842;7.92021;0.103314;7.85267
1;Cassio_x3;18001;0;0;0.056199;8.35094;0.0860521;8.22571
1;Cassio_x1;18001;0;0;0.0159603;8.81948;0.0890588;8.88377
