instance_id;sensor_name;received;lost;loss_percent;avg_latency_ms;max_latency_ms;avg_jitter_ms;max_jitter_ms
0;Cassio_x4;18000;0;0;0.647178;6.00925;0.0957271;5.32218
0;Cassio_x2;18000;0;0;0.594608;6.56177;0.0776756;5.90627
0;Cassio_x6;18000;0;0;0.707343;5.47977;0.116795;4.89092
0;Cassio_x0;18000;0;0;0.485204;7.08551;0.034908;6.59939
1;Cassio_x7;18002;0;0;0.733423;4.25267;0.124849;3.66045
1;Cassio_x5;18002;0;0;0.669357;4.76994;0.105132;4.06876
1;Cassio_x3;18002;0;0;0.61579;5.30237;0.0821892;4.61988
1;Cassio_x1;18002;0;0;0.561274;5.76234;0.0777242;5.23135
