instance_id;sensor_name;received;lost;loss_percent;avg_latency_ms;max_latency_ms;avg_jitter_ms;max_jitter_ms
0;Cassio_x4;18000;0;0;-0.148645;4.55151;0.09383;4.77186
0;Cassio_x2;18000;0;0;-0.211719;5.0816;0.0788239;5.41187
0;Cassio_x0;18000;0;0;-0.325157;4.8863;0.036902;5.19898
1;Cassio_x5;18016;0;0;-0.120897;5.40295;0.105689;5.42886
1;Cassio_x3;18016;0;0;-0.188749;5.86181;0.0822194;6.00831
1;Cassio_x1;18016;0;0;-0.248894;6.20209;0.0814887;6.45334
