instance_id;sensor_name;received;lost;loss_percent;avg_latency_ms;max_latency_ms;avg_jitter_ms;max_jitter_ms
0;Cassio_x4;18000;0;0;0.683686;16.5462;0.0918388;9.74564
0;Cassio_x2;18000;0;0;0.618821;17.025;0.0728875;9.68726
0;Cassio_x6;17999;1;0.00555556;0.759296;16.0295;0.117584;15.1686
0;Cassio_x0;18000;0;0;0.507107;17.5714;0.034036;9.66175
1;Cassio_x7;18014;0;0;0.78972;7.29345;0.12163;6.69548
1;Cassio_x5;18014;0;0;0.711184;7.91357;0.102864;7.3074
1;Cassio_x3;18014;0;0;0.645033;4.45026;0.0781815;3.78886
1;Cassio_x1;18014;0;0;0.579764;4.96489;0.0737671;4.49145
