instance_id;sensor_name;received;lost;loss_percent;avg_latency_ms;max_latency_ms;avg_jitter_ms;max_jitter_ms
0;Cassio_x4;18000;0;0;0.00504148;3.47291;0.0904257;3.48865
0;Cassio_x2;18000;0;0;-0.0619988;3.96277;0.0763459;4.09176
0;Cassio_x0;18001;0;0;-0.176045;4.3924;0.0359385;4.55105
1;Cassio_x5;18003;0;0;0.0354158;4.74582;0.102791;4.75567
1;Cassio_x3;18003;0;0;-0.0355243;5.28301;0.0809339;5.22539
1;Cassio_x1;18003;0;0;-0.0990322;5.77869;0.0804135;5.89316
