instance_id;sensor_name;received;lost;loss_percent;avg_latency_ms;max_latency_ms;avg_jitter_ms;max_jitter_ms
0;Cassio_x2;18000;0;0;0.0451186;6.0132;0.0791094;5.89394
0;Cassio_x0;18000;0;0;-0.0610126;6.4997;0.0362877;6.52199
1;Cassio_x3;18006;0;0;0.0733505;3.73841;0.0820146;3.63253
1;Cassio_x1;18006;0;0;0.0193347;4.2496;0.0837415;4.35448
