instance_id;sensor_name;received;lost;loss_percent;avg_latency_ms;max_latency_ms;avg_jitter_ms;max_jitter_ms
0;Cassio_x4;18000;0;0;-0.153961;8.47959;0.0890321;8.47597
0;Cassio_x2;18000;0;0;-0.239464;8.93097;0.0677128;9.07384
0;Cassio_x6;18000;0;0;-0.0539732;7.99545;0.113543;7.90091
0;Cassio_x0;18000;0;0;-0.354907;2.9883;0.0312275;3.45332
1;Cassio_x7;18002;0;0;-0.0124522;7.65402;0.113276;7.57064
1;Cassio_x5;18002;0;0;-0.11256;8.11632;0.104879;8.08545
1;Cassio_x3;18002;0;0;-0.202486;8.53344;0.0727281;8.68818
1;Cassio_x1;18002;0;0;-0.288205;2.92838;0.0644225;3.24419
