instance_id;sensor_name;received;lost;loss_percent;avg_latency_ms;max_latency_ms;avg_jitter_ms;max_jitter_ms
0;Cassio_x4;18000;0;0;0.412017;7.63753;0.0933352;7.23307
0;Cassio_x2;18000;0;0;0.349832;7.15633;0.0767644;6.8032
0;Cassio_x6;18000;0;0;0.486838;6.95962;0.120374;6.60135
0;Cassio_x0;18000;0;0;0.239786;5.7357;0.0364185;5.50491
1;Cassio_x7;18015;0;0;0.517873;4.72922;0.124513;4.19146
1;Cassio_x5;18015;0;0;0.444221;5.23862;0.106006;4.85747
1;Cassio_x3;18015;0;0;0.375989;5.79154;0.0812506;5.38753
1;Cassio_x1;18015;0;0;0.312987;6.30551;0.0760816;5.92109
