instance_id;sensor_name;received;lost;loss_percent;avg_latency_ms;max_latency_ms;avg_jitter_ms;max_jitter_ms
0;Cassio_x2;18000;0;0;-0.0335328;6.98935;0.0808036;7.02903
0;Cassio_x0;18000;0;0;-0.143339;5.07553;0.0375126;5.18988
1;Cassio_x3;18015;0;0;-0.018173;5.75608;0.0837092;5.75707
1;Cassio_x1;18015;0;0;-0.0680632;6.22971;0.0862659;6.29185
