instance_id;sensor_name;received;lost;loss_percent;avg_latency_ms;max_latency_ms;avg_jitter_ms;max_jitter_ms
0;Cassio_x5;18000;0;0;2.90653;6.56019;0.13872;3.59187
0;Cassio_x2;18000;0;0;1.99448;6.86528;0.131494;4.91839
1;Cassio_x7;18002;0;0;2.57198;5.58059;0.216392;3.1301
1;Cassio_x4;18002;0;0;2.58687;5.68322;0.13599;3.0434
1;Cassio_x3;18002;0;0;2.28064;5.83118;0.134152;3.43107
1;Cassio_x1;18002;0;0;1.67457;5.89397;0.143054;4.36953
1;Cassio_x6;18002;0;0;3.17292;6.54319;0.163726;3.16604
1;Cassio_x0;18002;0;0;1.29721;5.45554;0.0301146;4.16175
