instance_id;sensor_name;received;lost;loss_percent;avg_latency_ms;max_latency_ms;avg_jitter_ms;max_jitter_ms
0;Cassio_x5;18001;0;0;2.6376;9.68758;0.138581;7.24879
0;Cassio_x2;18001;0;0;1.70072;4.57255;0.134003;2.89868
1;Cassio_x7;18003;0;0;2.28839;8.53082;0.198756;6.43983
1;Cassio_x4;18003;0;0;2.3136;6.70294;0.13535;4.42765
1;Cassio_x3;18003;0;0;1.9979;6.83337;0.133205;4.87837
1;Cassio_x1;18003;0;0;1.38097;7.22815;0.139345;5.98009
1;Cassio_x6;18003;0;0;2.89618;9.61406;0.180779;6.78401
1;Cassio_x0;18003;0;0;1.00014;7.41741;0.03311;6.42082
