instance_id;sensor_name;received;lost;loss_percent;avg_latency_ms;max_latency_ms;avg_jitter_ms;max_jitter_ms
0;Cassio_x4;18000;0;0;0.738974;5.56404;0.0961671;4.86117
0;Cassio_x2;18000;0;0;0.668673;6.09467;0.0812905;5.33745
0;Cassio_x0;18000;0;0;0.552984;6.527;0.0370241;5.89019
1;Cassio_x5;18000;0;0;0.778069;5.01134;0.109103;4.32348
1;Cassio_x3;18000;0;0;0.702983;5.50488;0.0830403;4.76292
1;Cassio_x1;18000;0;0;0.635486;5.94172;0.0811505;5.38822
