instance_id;sensor_name;received;lost;loss_percent;avg_latency_ms;max_latency_ms;avg_jitter_ms;max_jitter_ms
0;Cassio_x2;18000;0;0;0.379106;5.54164;0.0797363;5.12798
0;Cassio_x0;18000;0;0;0.269155;4.95137;0.0361614;4.6438
1;Cassio_x3;18015;0;0;0.40466;7.17174;0.0821993;6.9023
1;Cassio_x1;18015;0;0;0.345869;7.6246;0.0814795;7.38296
