instance_id;sensor_name;received;lost;loss_percent;avg_latency_ms;max_latency_ms;avg_jitter_ms;max_jitter_ms
0;Cassio_x5;18000;0;0;2.76848;7.94146;0.143506;5.28238
0;Cassio_x2;18000;0;0;1.81868;7.86322;0.144471;5.89973
1;Cassio_x4;18000;0;0;2.45244;7.20135;0.133903;4.65334
1;Cassio_x3;18000;0;0;2.13252;7.32747;0.137267;5.2188
1;Cassio_x1;18000;0;0;1.49968;7.63355;0.138821;6.09744
1;Cassio_x0;18001;0;0;1.12929;7.86006;0.0447271;6.7701
