instance_id;sensor_name;received;lost;loss_percent;avg_latency_ms;max_latency_ms;avg_jitter_ms;max_jitter_ms
0;Cassio_x4;18000;0;0;-0.0247528;6.77701;0.0911087;6.92791
0;Cassio_x2;18000;0;0;-0.100054;7.41088;0.070602;7.59378
0;Cassio_x6;18000;0;0;0.0665767;6.23287;0.112452;6.38264
0;Cassio_x0;18000;0;0;-0.214475;7.99553;0.0350644;8.27072
1;Cassio_x7;18014;0;0;0.103414;4.89127;0.115303;4.79413
1;Cassio_x5;18014;0;0;0.0161895;5.34749;0.104127;5.40771
1;Cassio_x3;18014;0;0;-0.0662601;5.42938;0.0750438;5.48928
1;Cassio_x1;18014;0;0;-0.142412;5.05799;0.0692535;5.10211
