instance_id;sensor_name;received;lost;loss_percent;avg_latency_ms;max_latency_ms;avg_jitter_ms;max_jitter_ms
0;Cassio_x5;18000;0;0;2.19769;19.4189;0.141181;17.1682
0;Cassio_x2;18000;0;0;1.28834;19.8454;0.134834;18.435
1;Cassio_x4;18008;0;0;1.89147;19.7192;0.136824;17.8165
1;Cassio_x3;18008;0;0;1.58372;19.8334;0.131344;18.2765
1;Cassio_x1;18008;0;0;0.97646;20.1087;0.145626;19.0631
1;Cassio_x0;18008;0;0;0.604267;10.6607;0.0368429;10.0869
