instance_id;sensor_name;received;lost;loss_percent;avg_latency_ms;max_latency_ms;avg_jitter_ms;max_jitter_ms
0;Cassio_x4;18000;0;0;0.413535;8.82508;0.098186;8.24958
0;Cassio_x2;18000;0;0;0.364103;5.95698;0.079778;5.51567
0;Cassio_x0;18000;0;0;0.256693;6.35919;0.0340254;6.07194
1;Cassio_x5;18016;0;0;0.436853;7.86124;0.108801;7.19921
1;Cassio_x3;18016;0;0;0.384722;8.34806;0.0856861;7.84599
1;Cassio_x1;18016;0;0;0.335064;8.82741;0.0827511;8.48041
