instance_id;sensor_name;received;lost;loss_percent;avg_latency_ms;max_latency_ms;avg_jitter_ms;max_jitter_ms
0;Cassio_x4;18000;0;0;-0.163467;6.59136;0.0964995;6.69564
0;Cassio_x2;18000;0;0;-0.216194;7.07561;0.0806334;7.26219
0;Cassio_x0;18000;0;0;-0.328648;7.49388;0.0363706;7.76807
1;Cassio_x5;18011;0;0;-0.139218;6.70831;0.108718;6.85693
1;Cassio_x3;18011;0;0;-0.196762;7.3754;0.0869559;7.55424
1;Cassio_x1;18011;0;0;-0.249471;5.76727;0.0822096;6.02656
