instance_id;sensor_name;received;lost;loss_percent;avg_latency_ms;max_latency_ms;avg_jitter_ms;max_jitter_ms
0;Cassio_x7;18000;0;0;0.612198;4.16063;0.109785;3.6051
0;Cassio_x4;18000;0;0;0.50832;4.41507;0.087686;3.93358
0;Cassio_x3;18000;0;0;0.521487;4.37911;0.134186;4.02485
0;Cassio_x5;18000;0;0;0.485163;4.33277;0.0969137;3.83158
0;Cassio_x2;18000;0;0;0.403389;4.49038;0.0920828;4.07851
0;Cassio_x1;18000;0;0;0.228003;4.6169;0.113691;4.59698
0;Cassio_x6;18000;0;0;0.623586;4.24803;0.13744;3.83085
0;Cassio_x0;18000;0;0;0.164761;4.80778;0.0329479;4.65361
