instance_id;sensor_name;received;lost;loss_percent;avg_latency_ms;max_latency_ms;avg_jitter_ms;max_jitter_ms
0;Cassio_x7;18000;0;0;0.716351;5.91064;0.109565;5.08324
0;Cassio_x4;18000;0;0;0.61203;6.25667;0.0884589;5.56865
0;Cassio_x3;18000;0;0;0.6234;6.36641;0.134901;5.89173
0;Cassio_x5;18000;0;0;0.584913;6.17291;0.0969376;5.57222
0;Cassio_x2;18000;0;0;0.50223;6.48369;0.0973239;6.04565
0;Cassio_x1;18000;0;0;0.326765;6.65958;0.121974;6.03379
0;Cassio_x6;18000;0;0;0.722538;6.04674;0.137049;5.35321
0;Cassio_x0;18000;0;0;0.266139;6.83024;0.0354791;6.55639
