instance_id;sensor_name;received;lost;loss_percent;avg_latency_ms;max_latency_ms;avg_jitter_ms;max_jitter_ms
0;Cassio_x4;18001;0;0;1.39273;6.61656;0.0903794;5.20517
0;Cassio_x3;18001;0;0;1.37734;6.72279;0.141232;5.54106
0;Cassio_x5;18001;0;0;1.3638;6.53799;0.0934458;5.17444
0;Cassio_x2;18001;0;0;1.28212;6.82717;0.100511;5.66465
0;Cassio_x1;18001;0;0;1.09256;6.95923;0.127837;5.85959
0;Cassio_x0;18001;0;0;1.03715;7.12059;0.0348699;6.07205
