instance_id;sensor_name;received;lost;loss_percent;avg_latency_ms;max_latency_ms;avg_jitter_ms;max_jitter_ms
0;Cassio_x7;18000;0;0;1.5172;8.77326;0.109461;7.372
0;Cassio_x4;18000;0;0;1.3925;7.38911;0.0881578;6.09381
0;Cassio_x3;18000;0;0;1.35595;5.92415;0.135307;4.73222
0;Cassio_x5;18000;0;0;1.37545;8.27443;0.0939948;6.80795
0;Cassio_x2;18000;0;0;1.27469;6.01723;0.101682;4.84399
0;Cassio_x1;18000;0;0;1.07544;6.11371;0.131708;4.92734
0;Cassio_x6;18000;0;0;1.49517;8.81772;0.148273;7.28221
0;Cassio_x0;18000;0;0;1.02559;6.28277;0.0313685;5.19333
