instance_id;sensor_name;received;lost;loss_percent;avg_latency_ms;max_latency_ms;avg_jitter_ms;max_jitter_ms
0;Cassio_x3;18000;0;0;0.610442;6.16146;0.13303;5.71429
0;Cassio_x2;18000;0;0;0.528912;6.21813;0.138078;5.80218
0;Cassio_x1;18001;0;0;0.323694;5.71704;0.158385;5.42096
0;Cassio_x0;18001;0;0;0.317624;5.81613;0.0644868;5.53172
