instance_id;sensor_name;received;lost;loss_percent;avg_latency_ms;max_latency_ms;avg_jitter_ms;max_jitter_ms
0;Cassio_x3;18000;0;0;0.631403;4.365;0.134913;3.90381
0;Cassio_x2;18000;0;0;0.543856;4.46183;0.132063;4.157
0;Cassio_x1;18000;0;0;0.352371;4.55582;0.157797;4.14367
0;Cassio_x0;18000;0;0;0.344352;4.63173;0.0719273;4.25596
