instance_id;sensor_name;received;lost;loss_percent;avg_latency_ms;max_latency_ms;avg_jitter_ms;max_jitter_ms
0;Cassio_x3;18000;0;0;1.37286;6.5526;0.133762;5.37407
0;Cassio_x2;18000;0;0;1.2876;6.64638;0.136961;5.45334
0;Cassio_x1;18000;0;0;1.09212;6.79977;0.161142;5.7911
0;Cassio_x0;18000;0;0;1.08613;6.96214;0.0722509;5.85309
