instance_id;sensor_name;received;lost;loss_percent;avg_latency_ms;max_latency_ms;avg_jitter_ms;max_jitter_ms
0;Cassio_x7;18000;0;0;0.938153;5.14844;0.106158;4.32942
0;Cassio_x4;18000;0;0;0.81968;5.34651;0.0826739;4.58905
0;Cassio_x3;18001;0;0;0.788327;5.4076;0.134938;4.89461
0;Cassio_x5;18000;0;0;0.798433;5.3173;0.0920271;4.66513
0;Cassio_x2;18001;0;0;0.711528;5.1609;0.0959661;4.52493
0;Cassio_x1;18001;0;0;0.502407;5.20732;0.120554;4.74118
0;Cassio_x6;18000;0;0;0.921096;5.2397;0.140269;4.56765
0;Cassio_x0;18001;0;0;0.455278;4.97441;0.0290524;4.57792
