instance_id;sensor_name;received;lost;loss_percent;avg_latency_ms;max_latency_ms;avg_jitter_ms;max_jitter_ms
0;Cassio_x4;18000;0;0;0.641381;4.02174;0.0811189;3.39076
0;Cassio_x3;18000;0;0;0.609786;4.11938;0.134695;3.37312
0;Cassio_x5;18000;0;0;0.614835;4.35622;0.0906319;3.79096
0;Cassio_x2;18000;0;0;0.534208;2.20821;0.0938822;1.69918
0;Cassio_x1;18000;0;0;0.319082;2.03575;0.124037;1.85465
0;Cassio_x0;18000;0;0;0.276014;2.1356;0.0286267;1.92542
