instance_id;sensor_name;received;lost;loss_percent;avg_latency_ms;max_latency_ms;avg_jitter_ms;max_jitter_ms
0;Cassio_x4;18000;0;0;1.02118;7.65491;0.0897053;6.61591
0;Cassio_x3;18000;0;0;1.02615;7.76797;0.138277;6.9266
0;Cassio_x5;18000;0;0;0.99031;7.52411;0.0945563;6.62677
0;Cassio_x2;18000;0;0;0.915784;7.30178;0.0939436;6.45231
0;Cassio_x1;18000;0;0;0.742673;7.4496;0.119738;6.87127
0;Cassio_x0;18000;0;0;0.676445;7.59785;0.0341192;7.00481
