instance_id;sensor_name;received;lost;loss_percent;avg_latency_ms;max_latency_ms;avg_jitter_ms;max_jitter_ms
0;Cassio_x4;18000;0;0;0.861281;8.20641;0.0953446;7.31906
0;Cassio_x3;18000;0;0;0.851619;8.33784;0.141172;7.58834
0;Cassio_x5;18000;0;0;0.832181;8.08328;0.0999458;7.30449
0;Cassio_x2;18000;0;0;0.754399;8.48681;0.0983483;7.64775
0;Cassio_x1;18000;0;0;0.569773;8.61502;0.124932;8.21223
0;Cassio_x0;18000;0;0;0.513134;8.69151;0.0363438;8.22881
