instance_id;sensor_name;received;lost;loss_percent;avg_latency_ms;max_latency_ms;avg_jitter_ms;max_jitter_ms
0;Cassio_x4;18000;0;0;0.640535;7.95549;0.0868481;7.37691
0;Cassio_x3;18000;0;0;0.654195;8.06214;0.131793;7.60382
0;Cassio_x5;18000;0;0;0.611459;7.84082;0.0949907;7.2079
0;Cassio_x2;18000;0;0;0.532513;8.15626;0.0917581;7.75933
0;Cassio_x1;18000;0;0;0.360452;8.353;0.112927;8.21089
0;Cassio_x0;18000;0;0;0.294005;8.52497;0.030978;8.24255
