instance_id;sensor_name;received;lost;loss_percent;avg_latency_ms;max_latency_ms;avg_jitter_ms;max_jitter_ms
0;Cassio_x4;18000;0;0;0.944758;5.45275;0.0891858;4.64668
0;Cassio_x3;18000;0;0;0.941192;5.56451;0.139399;4.80104
0;Cassio_x5;18000;0;0;0.917693;5.3117;0.0966394;4.1473
0;Cassio_x2;18000;0;0;0.834118;5.68875;0.0974413;4.9129
0;Cassio_x1;18001;0;0;0.649412;5.82415;0.12412;5.32918
0;Cassio_x0;18001;0;0;0.586141;5.99316;0.0352695;5.46726
