instance_id;sensor_name;received;lost;loss_percent;avg_latency_ms;max_latency_ms;avg_jitter_ms;max_jitter_ms
0;Cassio_x4;18000;0;0;0.607089;3.46523;0.0832604;3.00973
0;Cassio_x3;18000;0;0;0.627195;3.61433;0.128925;3.30348
0;Cassio_x5;18000;0;0;0.575924;3.32086;0.0920455;2.78903
0;Cassio_x2;18000;0;0;0.50505;3.73978;0.0901928;3.31702
0;Cassio_x1;18000;0;0;0.33148;3.86414;0.111409;3.53752
0;Cassio_x0;18000;0;0;0.272081;3.96749;0.0317018;3.73669
