instance_id;sensor_name;received;lost;loss_percent;avg_latency_ms;max_latency_ms;avg_jitter_ms;max_jitter_ms
0;Cassio_x3;18000;0;0;0.938175;15.9275;0.13606;14.8123
0;Cassio_x2;18000;0;0;0.851169;16.0314;0.138276;15.1467
0;Cassio_x1;18000;0;0;0.658271;16.105;0.159443;15.4942
0;Cassio_x0;18000;0;0;0.648793;16.3051;0.072539;15.4992
