instance_id;sensor_name;received;lost;loss_percent;avg_latency_ms;max_latency_ms;avg_jitter_ms;max_jitter_ms
0;Cassio_x7;18000;0;0;1.02227;4.27081;0.110047;3.09924
0;Cassio_x4;18000;0;0;0.925331;4.13016;0.0882929;3.26321
0;Cassio_x3;18000;0;0;0.915408;4.21822;0.135553;3.4473
0;Cassio_x5;18000;0;0;0.901942;4.028;0.0940481;3.13118
0;Cassio_x2;18000;0;0;0.8176;3.62329;0.092322;2.82555
0;Cassio_x1;18000;0;0;0.635509;3.72997;0.118432;3.23459
0;Cassio_x6;18000;0;0;1.02481;3.91247;0.134014;2.88636
0;Cassio_x0;18000;0;0;0.574518;3.80145;0.029934;3.24006
