instance_id;sensor_name;received;lost;loss_percent;avg_latency_ms;max_latency_ms;avg_jitter_ms;max_jitter_ms
0;Cassio_x7;18000;0;0;0.954218;7.52889;0.107886;6.75155
0;Cassio_x4;18000;0;0;0.857592;4.09534;0.0851551;3.2889
0;Cassio_x3;18000;0;0;0.851131;4.22232;0.134992;3.47452
0;Cassio_x5;18000;0;0;0.83167;6.10071;0.0920675;5.2635
0;Cassio_x2;18000;0;0;0.753643;4.34188;0.0919424;3.68862
0;Cassio_x1;18001;0;0;0.565052;4.44727;0.117595;3.89441
0;Cassio_x6;18000;0;0;0.959966;6.02903;0.13618;5.15122
0;Cassio_x0;18001;0;0;0.507742;4.61275;0.0293627;3.92973
