instance_id;sensor_name;received;lost;loss_percent;avg_latency_ms;max_latency_ms;avg_jitter_ms;max_jitter_ms
0;Cassio_x7;18000;0;0;1.02636;5.11836;0.111987;4.18799
0;Cassio_x4;18000;0;0;0.925194;5.48118;0.0890799;4.54837
0;Cassio_x3;18000;0;0;0.916742;5.58338;0.140766;4.75728
0;Cassio_x5;18000;0;0;0.900472;5.3458;0.0964052;4.52585
0;Cassio_x2;18000;0;0;0.819048;5.67333;0.0977021;4.84567
0;Cassio_x1;18000;0;0;0.627405;5.53453;0.12623;5.07461
0;Cassio_x6;18000;0;0;1.02448;5.22348;0.139388;4.23774
0;Cassio_x0;18000;0;0;0.574425;5.68897;0.0329828;5.14673
