instance_id;sensor_name;received;lost;loss_percent;avg_latency_ms;max_latency_ms;avg_jitter_ms;max_jitter_ms
0;Cassio_x4;18000;0;0;0.935812;5.94656;0.0958135;5.17285
0;Cassio_x3;18000;0;0;0.93197;6.05548;0.143404;5.1099
0;Cassio_x5;18000;0;0;0.909047;5.83088;0.102423;5.00802
0;Cassio_x2;18000;0;0;0.833714;6.13517;0.0981095;5.42533
0;Cassio_x1;18000;0;0;0.651358;6.31958;0.118592;5.85171
0;Cassio_x0;18000;0;0;0.589631;6.52036;0.0389202;5.89956
