instance_id;sensor_name;received;lost;loss_percent;avg_latency_ms;max_latency_ms;avg_jitter_ms;max_jitter_ms
0;Cassio_x5;18000;0;0;0.927986;7.9281;0.123644;7.1313
0;Cassio_x2;18000;0;0;0.553557;7.89888;0.117799;7.51092
0;Cassio_x1;18000;0;0;0.386358;8.01936;0.0697853;7.65767
0;Cassio_x4;18000;0;0;0.508843;7.97393;0.0945746;7.56382
0;Cassio_x0;18000;0;0;0.272892;6.74243;0.0359365;6.52031
0;Cassio_x3;18000;0;0;0.243491;2.35807;0.0374371;2.13754
