instance_id;sensor_name;received;lost;loss_percent;avg_latency_ms;max_latency_ms;avg_jitter_ms;max_jitter_ms
0;Cassio_x4;18000;0;0;0.164086;6.32329;0.0880238;6.23552
0;Cassio_x3;18000;0;0;-0.129717;6.47557;0.0371801;6.63686
0;Cassio_x5;18000;0;0;0.591635;6.19975;0.116658;5.77913
0;Cassio_x2;18000;0;0;-0.0115964;5.45037;0.111546;5.51178
0;Cassio_x1;18001;0;0;-0.192252;5.59373;0.0631561;5.85348
0;Cassio_x0;18001;0;0;-0.289433;5.77506;0.0276443;6.08408
