instance_id;sensor_name;received;lost;loss_percent;avg_latency_ms;max_latency_ms;avg_jitter_ms;max_jitter_ms
0;Cassio_x3;18000;0;0;0.619417;7.68443;0.0949293;7.04698
0;Cassio_x2;18000;0;0;0.311579;7.925;0.0518607;7.61091
0;Cassio_x1;18000;0;0;0.614357;8.27292;0.0701568;7.74319
0;Cassio_x0;18000;0;0;0.52433;8.39506;0.0335888;7.79825
