instance_id;sensor_name;received;lost;loss_percent;avg_latency_ms;max_latency_ms;avg_jitter_ms;max_jitter_ms
0;Cassio_x1;18000;0;0;0.585562;6.87635;0.0706521;6.36028
0;Cassio_x0;18000;0;0;0.483256;7.04381;0.047426;6.52043
0;Cassio_x2;18000;0;0;0.749876;6.74943;0.116372;6.06064
0;Cassio_x5;18000;0;0;1.01667;7.72913;0.131224;6.7207
0;Cassio_x4;18000;0;0;0.594159;7.86069;0.0945827;7.22676
0;Cassio_x3;18000;0;0;0.318631;7.96144;0.0425882;7.69239
