instance_id;sensor_name;received;lost;loss_percent;avg_latency_ms;max_latency_ms;avg_jitter_ms;max_jitter_ms
0;Cassio_x1;18000;0;0;0.475969;7.24827;0.0712725;6.75751
0;Cassio_x0;18000;0;0;0.37129;7.42255;0.0342864;7.01728
0;Cassio_x2;18000;0;0;0.652873;7.01636;0.112314;6.47192
0;Cassio_x5;18000;0;0;1.12398;4.81728;0.114652;3.71979
0;Cassio_x4;18000;0;0;0.712763;4.39776;0.0871678;3.72212
0;Cassio_x3;18000;0;0;0.441432;3.4557;0.0331821;3.0336
