instance_id;sensor_name;received;lost;loss_percent;avg_latency_ms;max_latency_ms;avg_jitter_ms;max_jitter_ms
0;Cassio_x1;18000;0;0;0.104257;4.30377;0.067329;4.20867
0;Cassio_x0;18000;0;0;-0.00149995;4.54879;0.0319795;4.51913
0;Cassio_x2;18000;0;0;0.285929;4.14991;0.108747;3.98945
0;Cassio_x5;18000;0;0;0.793123;6.69233;0.123704;5.81247
0;Cassio_x4;18000;0;0;0.380142;6.85414;0.0955896;6.46575
0;Cassio_x3;18000;0;0;0.097437;7.05186;0.0442186;6.98556
