instance_id;sensor_name;received;lost;loss_percent;avg_latency_ms;max_latency_ms;avg_jitter_ms;max_jitter_ms
0;Cassio_x3;18000;0;0;0.63821;6.79727;0.0853286;6.24789
0;Cassio_x2;18000;0;0;0.362187;7.01427;0.0410403;6.65092
0;Cassio_x1;18000;0;0;0.611876;3.56887;0.0639338;2.99673
0;Cassio_x0;18000;0;0;0.512148;3.68321;0.0295352;3.17252
