instance_id;sensor_name;received;lost;loss_percent;avg_latency_ms;max_latency_ms;avg_jitter_ms;max_jitter_ms
0;Cassio_x1;18000;0;0;0.405537;5.67438;0.0668356;5.30393
0;Cassio_x0;18000;0;0;0.305145;5.79771;0.0329964;5.48465
0;Cassio_x2;18000;0;0;0.577455;6.41754;0.117834;5.98557
0;Cassio_x5;18000;0;0;1.19622;8.5893;0.12043;7.45098
0;Cassio_x4;18000;0;0;0.78156;5.08754;0.0876643;4.32242
0;Cassio_x3;18000;0;0;0.510251;4.6243;0.0373098;4.14612
