instance_id;sensor_name;received;lost;loss_percent;avg_latency_ms;max_latency_ms;avg_jitter_ms;max_jitter_ms
0;Cassio_x3;18001;0;0;0.771615;3.79213;0.0915229;3.13886
0;Cassio_x1;18001;0;0;0.43972;3.73372;0.0672764;3.28015
0;Cassio_x2;18001;0;0;0.618601;3.86623;0.118178;3.35733
0;Cassio_x5;18001;0;0;0.793845;3.80887;0.0716614;3.02613
0;Cassio_x7;18000;0;0;1.73602;7.287;0.123923;5.48969
0;Cassio_x4;18001;0;0;0.475221;3.92216;0.0440091;3.46443
0;Cassio_x6;18000;0;0;1.24453;4.34721;0.110697;3.08982
0;Cassio_x0;18001;0;0;0.338227;3.13329;0.0295535;2.78328
