instance_id;sensor_name;received;lost;loss_percent;avg_latency_ms;max_latency_ms;avg_jitter_ms;max_jitter_ms
0;Cassio_x1;18000;0;0;0.677049;4.22188;0.0673187;3.66329
0;Cassio_x0;18000;0;0;0.564193;4.34232;0.0372413;3.82784
0;Cassio_x2;18000;0;0;0.84969;4.10765;0.108631;3.23586
0;Cassio_x5;18000;0;0;1.11543;4.81306;0.122568;3.81785
0;Cassio_x4;18000;0;0;0.697748;5.03856;0.0881731;4.42373
0;Cassio_x3;18000;0;0;0.415004;5.26452;0.0378518;4.88062
