instance_id;sensor_name;received;lost;loss_percent;avg_latency_ms;max_latency_ms;avg_jitter_ms;max_jitter_ms
0;Cassio_x3;18000;0;0;0.911216;4.66254;0.0926982;3.74661
0;Cassio_x5;18000;0;0;0.595033;4.54859;0.0717809;3.8889
0;Cassio_x2;18000;0;0;0.75287;4.77727;0.111176;4.09957
0;Cassio_x7;18000;0;0;1.48423;5.36168;0.132532;3.94339
0;Cassio_x4;18000;0;0;0.302621;3.00171;0.0417448;2.69891
0;Cassio_x1;18000;0;0;0.573713;3.2046;0.0667436;2.64113
0;Cassio_x6;18000;0;0;1.00095;4.42401;0.119997;3.25901
0;Cassio_x0;18000;0;0;0.481876;3.38087;0.0314084;2.80589
