instance_id;sensor_name;received;lost;loss_percent;avg_latency_ms;max_latency_ms;avg_jitter_ms;max_jitter_ms
0;Cassio_x3;18000;0;0;0.770871;5.40352;0.0954035;4.66462
0;Cassio_x1;18000;0;0;0.44648;5.66167;0.0784303;5.29245
0;Cassio_x0;18000;0;0;0.331703;5.90292;0.0454087;5.55516
0;Cassio_x6;18000;0;0;1.11613;6.63433;0.123059;5.66873
0;Cassio_x2;18000;0;0;0.615976;5.52495;0.117426;4.96753
0;Cassio_x5;18001;0;0;0.700667;6.74976;0.0801981;6.1139
0;Cassio_x7;18000;0;0;1.57969;6.50771;0.135425;5.08773
0;Cassio_x4;18001;0;0;0.418176;6.929;0.037946;6.5238
