instance_id;sensor_name;received;lost;loss_percent;avg_latency_ms;max_latency_ms;avg_jitter_ms;max_jitter_ms
0;Cassio_x3;18000;0;0;0.91706;8.52349;0.0921373;7.61887
0;Cassio_x1;18000;0;0;0.581115;8.54158;0.0626575;7.98463
0;Cassio_x0;18000;0;0;0.478593;2.93381;0.0253648;2.46789
0;Cassio_x6;18000;0;0;1.07431;5.40925;0.118429;4.37647
0;Cassio_x2;18000;0;0;0.758715;8.43018;0.114508;7.72995
0;Cassio_x5;18001;0;0;0.64294;3.45866;0.0849559;2.92126
0;Cassio_x7;18000;0;0;1.53993;5.35668;0.136778;3.85841
0;Cassio_x4;18001;0;0;0.327296;3.53405;0.0368589;3.22814
