instance_id;sensor_name;received;lost;loss_percent;avg_latency_ms;max_latency_ms;avg_jitter_ms;max_jitter_ms
0;Cassio_x7;18000;0;0;1.41652;4.27813;0.132122;3.00169
0;Cassio_x4;18000;0;0;0.241448;4.81921;0.0401074;4.57711
0;Cassio_x3;18000;0;0;0.2444;5.26813;0.0946529;5.09622
0;Cassio_x5;18000;0;0;0.532635;4.60546;0.0752909;4.09952
0;Cassio_x2;18000;0;0;0.0879894;5.43995;0.11288;5.45456
0;Cassio_x1;18001;0;0;-0.0941011;5.55971;0.0679864;5.70981
0;Cassio_x6;18000;0;0;0.951419;4.45448;0.122244;3.45367
0;Cassio_x0;18001;0;0;-0.191012;5.63443;0.0331422;5.82118
