instance_id;sensor_name;received;lost;loss_percent;avg_latency_ms;max_latency_ms;avg_jitter_ms;max_jitter_ms
0;Cassio_x7;18000;0;0;1.55335;6.03842;0.137242;4.61751
0;Cassio_x4;18000;0;0;0.400089;6.05021;0.0364299;5.61296
0;Cassio_x3;18000;0;0;0.969119;6.58619;0.0949804;5.65076
0;Cassio_x5;18000;0;0;0.685958;5.93208;0.0804382;5.19497
0;Cassio_x2;18001;0;0;0.811979;6.68092;0.114521;5.91839
0;Cassio_x1;18001;0;0;0.642677;5.35128;0.0762264;4.74043
0;Cassio_x6;18000;0;0;1.09702;5.78256;0.128227;4.75816
0;Cassio_x0;18001;0;0;0.528043;5.60872;0.0421186;5.14596
