instance_id;sensor_name;received;lost;loss_percent;avg_latency_ms;max_latency_ms;avg_jitter_ms;max_jitter_ms
0;Cassio_x3;18000;0;0;0.564525;5.04753;0.0863008;4.61138
0;Cassio_x2;18000;0;0;0.277265;3.35928;0.0405067;3.14194
0;Cassio_x1;18001;0;0;-0.0415968;5.78529;0.0709115;5.94238
0;Cassio_x0;18001;0;0;-0.141312;5.96537;0.0374858;6.09818
