instance_id;sensor_name;received;lost;loss_percent;avg_latency_ms;max_latency_ms;avg_jitter_ms;max_jitter_ms
0;Cassio_x7;18000;0;0;1.36746;7.84431;0.125721;6.49355
0;Cassio_x4;18000;0;0;0.943464;5.50399;0.0948721;4.4872
0;Cassio_x3;18000;0;0;0.808195;4.88853;0.0933194;4.11745
0;Cassio_x5;18000;0;0;1.08787;5.35473;0.105339;4.13936
0;Cassio_x2;18000;0;0;0.656057;4.24653;0.114768;3.42415
0;Cassio_x1;18000;0;0;0.466224;4.4279;0.0664004;3.90763
0;Cassio_x6;18000;0;0;1.23119;5.22202;0.116625;3.9201
0;Cassio_x0;18000;0;0;0.367805;4.65191;0.02801;4.18317
