instance_id;sensor_name;received;lost;loss_percent;avg_latency_ms;max_latency_ms;avg_jitter_ms;max_jitter_ms
0;Cassio_x4;18000;0;0;0.784405;5.77231;0.100566;5.05385
0;Cassio_x3;18000;0;0;0.647446;5.91466;0.0978436;5.33298
0;Cassio_x5;18000;0;0;0.926362;8.17875;0.10971;7.12302
0;Cassio_x2;18000;0;0;0.493433;6.05105;0.117154;5.61723
0;Cassio_x1;18000;0;0;0.313274;6.2411;0.0703832;6.02056
0;Cassio_x0;18000;0;0;0.214186;6.4242;0.0344859;6.2016
