instance_id;sensor_name;received;lost;loss_percent;avg_latency_ms;max_latency_ms;avg_jitter_ms;max_jitter_ms
0;Cassio_x4;18000;0;0;0.995691;6.25075;0.10265;5.34499
0;Cassio_x3;18000;0;0;0.853309;6.39398;0.100596;5.67271
0;Cassio_x5;18000;0;0;1.14037;6.17201;0.109598;5.17337
0;Cassio_x2;18000;0;0;0.694906;6.50809;0.117775;5.92237
0;Cassio_x1;18000;0;0;0.518395;6.68606;0.0779081;6.23093
0;Cassio_x0;18000;0;0;0.416753;6.85858;0.0387593;6.45605
