instance_id;sensor_name;received;lost;loss_percent;avg_latency_ms;max_latency_ms;avg_jitter_ms;max_jitter_ms
0;Cassio_x4;18000;0;0;1.09663;6.6643;0.104335;5.61128
0;Cassio_x3;18000;0;0;0.954626;6.77132;0.101144;5.91938
0;Cassio_x5;18000;0;0;1.23979;6.53089;0.112208;5.40533
0;Cassio_x2;18000;0;0;0.797452;6.93872;0.118849;6.24043
0;Cassio_x1;18000;0;0;0.618604;7.02143;0.0745825;6.4848
0;Cassio_x0;18000;0;0;0.517415;7.11132;0.0360894;6.60656
