instance_id;sensor_name;received;lost;loss_percent;avg_latency_ms;max_latency_ms;avg_jitter_ms;max_jitter_ms
0;Cassio_x4;18000;0;0;0.649505;5.66814;0.0997558;5.00736
0;Cassio_x3;18000;0;0;0.505659;5.79179;0.0960545;5.21958
0;Cassio_x5;18000;0;0;0.795198;7.04975;0.105241;6.37292
0;Cassio_x2;18000;0;0;0.345784;5.91423;0.10949;5.57238
0;Cassio_x1;18000;0;0;0.171935;6.13435;0.0707831;5.98968
0;Cassio_x0;18000;0;0;0.0714606;6.35854;0.0343437;6.25653
