instance_id;sensor_name;received;lost;loss_percent;avg_latency_ms;max_latency_ms;avg_jitter_ms;max_jitter_ms
0;Cassio_x4;18000;0;0;0.572869;6.608;0.103087;5.15686
0;Cassio_x3;18000;0;0;0.421928;6.71999;0.103354;5.44988
0;Cassio_x5;18000;0;0;0.726385;6.50095;0.10936;5.13343
0;Cassio_x2;18000;0;0;0.257147;6.81006;0.121236;5.55846
0;Cassio_x1;18000;0;0;0.0883521;6.89131;0.0689798;5.9725
0;Cassio_x0;18000;0;0;-0.0131843;6.03081;0.0360753;6.06773
