instance_id;sensor_name;received;lost;loss_percent;avg_latency_ms;max_latency_ms;avg_jitter_ms;max_jitter_ms
0;Cassio_x3;18000;0;0;0.53112;7.63291;0.105895;7.13889
0;Cassio_x2;18000;0;0;0.378568;7.74238;0.127498;7.39916
0;Cassio_x1;18000;0;0;0.195581;7.89644;0.0767841;7.82848
0;Cassio_x0;18000;0;0;0.10039;6.53215;0.0406572;6.45578
