instance_id;sensor_name;received;lost;loss_percent;avg_latency_ms;max_latency_ms;avg_jitter_ms;max_jitter_ms
0;Cassio_x4;18000;0;0;0.928878;9.37486;0.102281;8.4712
0;Cassio_x3;18000;0;0;0.789964;7.91066;0.099547;7.14809
0;Cassio_x5;18000;0;0;1.07;9.27171;0.109645;8.20364
0;Cassio_x2;18000;0;0;0.633004;8.03769;0.117701;7.33464
0;Cassio_x1;18000;0;0;0.456036;8.23459;0.0735666;7.69723
0;Cassio_x0;18000;0;0;0.357662;4.42163;0.0326806;4.02845
