instance_id;sensor_name;received;lost;loss_percent;avg_latency_ms;max_latency_ms;avg_jitter_ms;max_jitter_ms
0;Cassio_x3;18000;0;0;0.674438;6.3582;0.0963457;5.54197
0;Cassio_x2;18000;0;0;0.51871;2.52739;0.114709;2.13753
0;Cassio_x1;18000;0;0;0.341582;2.69104;0.0689371;2.41447
0;Cassio_x0;18000;0;0;0.245853;2.89577;0.0339467;2.64938
