instance_id;sensor_name;received;lost;loss_percent;avg_latency_ms;max_latency_ms;avg_jitter_ms;max_jitter_ms
0;Cassio_x7;18000;0;0;1.53672;18.5651;0.115408;15.7921
0;Cassio_x4;18000;0;0;1.08014;19.0499;0.103547;15.8892
0;Cassio_x3;18000;0;0;0.930493;19.2114;0.102033;15.9301
0;Cassio_x5;18000;0;0;1.23792;18.8282;0.110157;15.7884
0;Cassio_x2;18000;0;0;0.766237;19.3302;0.117263;15.9329
0;Cassio_x1;18000;0;0;0.589471;19.4166;0.0687391;15.9056
0;Cassio_x6;18000;0;0;1.3934;18.691;0.1149;15.7839
0;Cassio_x0;18001;0;0;0.485138;9.95928;0.0342097;9.4318
