instance_id;sensor_name;received;lost;loss_percent;avg_latency_ms;max_latency_ms;avg_jitter_ms;max_jitter_ms
0;Cassio_x7;18000;0;0;1.19599;5.80505;0.117411;4.72946
0;Cassio_x4;18000;0;0;0.771356;6.16187;0.0958654;5.45669
0;Cassio_x3;18000;0;0;0.633359;4.40491;0.0933937;3.76651
0;Cassio_x5;18000;0;0;0.916838;6.05238;0.104995;5.22046
0;Cassio_x2;18000;0;0;0.477522;4.55718;0.113842;4.31121
0;Cassio_x1;18000;0;0;0.295401;4.69428;0.0658349;4.47148
0;Cassio_x6;18000;0;0;1.05939;5.92658;0.113462;4.90641
0;Cassio_x0;18000;0;0;0.194692;3.60703;0.0297461;3.39857
