instance_id;sensor_name;received;lost;loss_percent;avg_latency_ms;max_latency_ms;avg_jitter_ms;max_jitter_ms
0;Cassio_x4;18000;0;0;0.769742;4.58997;0.0997545;3.44758
0;Cassio_x3;18000;0;0;0.63275;4.69057;0.0965957;3.64832
0;Cassio_x5;18000;0;0;0.91403;4.46986;0.110045;3.11211
0;Cassio_x2;18000;0;0;0.476598;4.38032;0.11803;3.96971
0;Cassio_x1;18000;0;0;0.296535;4.50274;0.069462;4.27691
0;Cassio_x0;18000;0;0;0.198032;3.84285;0.0336203;3.61016
