instance_id;sensor_name;received;lost;loss_percent;avg_latency_ms;max_latency_ms;avg_jitter_ms;max_jitter_ms
0;Cassio_x4;18000;0;0;1.24219;10.4807;0.10564;9.13912
0;Cassio_x3;18000;0;0;1.08849;10.525;0.106575;9.36887
0;Cassio_x5;18000;0;0;1.40289;10.3868;0.112327;8.87263
0;Cassio_x2;18000;0;0;0.924709;7.65395;0.117245;6.63155
0;Cassio_x1;18000;0;0;0.748941;7.77458;0.0714358;6.9587
0;Cassio_x0;18000;0;0;0.645395;7.97531;0.0404865;7.28311
