instance_id;sensor_name;received;lost;loss_percent;avg_latency_ms;max_latency_ms;avg_jitter_ms;max_jitter_ms
0;Cassio_x7;18000;0;0;1.17319;9.03992;0.120004;7.85279
0;Cassio_x4;18001;0;0;0.733954;6.37712;0.094829;5.67948
0;Cassio_x3;18001;0;0;0.596189;6.50322;0.0948489;5.96234
0;Cassio_x5;18000;0;0;0.883734;9.18762;0.104684;8.33649
0;Cassio_x2;18001;0;0;0.440721;6.59666;0.119288;6.26121
0;Cassio_x1;18001;0;0;0.255678;3.68402;0.0662306;3.43727
0;Cassio_x6;18000;0;0;1.03204;9.1551;0.113706;8.12067
0;Cassio_x0;18001;0;0;0.155;3.85412;0.028064;3.59593
