instance_id;sensor_name;received;lost;loss_percent;avg_latency_ms;max_latency_ms;avg_jitter_ms;max_jitter_ms
0;Cassio_x3;18000;0;0;0.992928;4.16328;0.0952421;2.99118
0;Cassio_x2;18000;0;0;0.832045;4.28697;0.108186;3.23155
0;Cassio_x1;18000;0;0;0.656016;4.41573;0.0652282;3.57664
0;Cassio_x0;18000;0;0;0.554406;3.0937;0.0327016;2.56562
