instance_id;sensor_name;received;lost;loss_percent;avg_latency_ms;max_latency_ms;avg_jitter_ms;max_jitter_ms
0;Cassio_x7;18000;0;0;1.37933;8.09174;0.107495;6.73454
0;Cassio_x4;18000;0;0;0.911545;8.41032;0.103059;7.52603
0;Cassio_x3;18000;0;0;0.756;6.63935;0.097508;5.91442
0;Cassio_x5;18000;0;0;1.07382;8.31424;0.108197;7.36436
0;Cassio_x2;18000;0;0;0.584321;5.93829;0.111839;5.44056
0;Cassio_x1;18000;0;0;0.420418;4.51556;0.0591954;4.109
0;Cassio_x6;18000;0;0;1.23299;8.18886;0.110728;7.04744
0;Cassio_x0;18000;0;0;0.316826;4.0786;0.0262312;3.74621
