instance_id;sensor_name;received;lost;loss_percent;avg_latency_ms;max_latency_ms;avg_jitter_ms;max_jitter_ms
0;Cassio_x7;18000;0;0;1.01832;13.7977;0.114147;11.28
0;Cassio_x4;18001;0;0;0.55887;14.1888;0.098699;13.4155
0;Cassio_x3;18001;0;0;0.40738;14.298;0.0947633;13.728
0;Cassio_x5;18001;0;0;0.718161;14.0631;0.106842;12.9688
0;Cassio_x2;18001;0;0;0.246586;13.904;0.110558;13.4807
0;Cassio_x1;18001;0;0;0.0644132;14.0252;0.0606514;13.9884
0;Cassio_x6;18000;0;0;0.874891;13.9377;0.115659;12.965
0;Cassio_x0;18001;0;0;-0.040134;14.1937;0.0278586;14.2057
