instance_id;sensor_name;received;lost;loss_percent;avg_latency_ms;max_latency_ms;avg_jitter_ms;max_jitter_ms
0;Cassio_x3;1967;14962;88.3809;0.98779;8.04895;0.1293;7.16313
0;Cassio_x5;1988;14941;88.2568;2.055;8.67464;0.100137;6.77169
0;Cassio_x2;1995;14934;88.2155;0.673543;8.24206;0.112518;7.59859
0;Cassio_x7;1835;14989;89.093;2.41586;4.11297;0.0943593;1.80302
0;Cassio_x4;2004;14926;88.163;1.68509;8.79092;0.0955573;7.16677
0;Cassio_x1;2005;14924;88.1564;0.409914;8.43537;0.0917971;8.02103
0;Cassio_x6;1990;14939;88.245;2.36333;8.59699;0.102747;6.25482
0;Cassio_x0;2025;14905;88.039;0.341694;8.52422;0.0492177;8.22178
