instance_id;sensor_name;received;lost;loss_percent;avg_latency_ms;max_latency_ms;avg_jitter_ms;max_jitter_ms
0;Cassio_x3;10203;5984;36.9679;0.495378;5.74771;0.119014;5.53603
0;Cassio_x7;10134;5850;36.5991;2.2752;6.14783;0.0963324;4.07671
0;Cassio_x4;10210;5977;36.9247;1.61767;6.67504;0.0818004;5.13651
0;Cassio_x5;10204;5983;36.9618;1.99943;6.4605;0.076063;4.62343
0;Cassio_x2;10208;5979;36.937;0.167266;5.94738;0.0972871;6.00176
0;Cassio_x1;10213;5974;36.9062;-0.00826053;6.14665;0.0794155;6.10645
0;Cassio_x6;10202;5985;36.9741;2.22453;6.20343;0.0861821;4.09868
0;Cassio_x0;10222;7347;41.818;-0.0645383;6.2182;0.0353284;6.2978
