instance_id;sensor_name;received;lost;loss_percent;avg_latency_ms;max_latency_ms;avg_jitter_ms;max_jitter_ms
0;Cassio_x1;18000;0;0;0.382511;6.81243;0.0738282;6.37443
0;Cassio_x0;18000;0;0;0.315868;6.98491;0.0332461;6.6659
0;Cassio_x2;18000;0;0;0.428349;6.66678;0.0744985;6.21201
0;Cassio_x5;18000;0;0;1.61228;8.96252;0.0802758;7.4787
0;Cassio_x4;18000;0;0;1.56917;9.26203;0.0777862;7.59753
0;Cassio_x3;18000;0;0;1.51048;9.4581;0.0372916;7.93593
