instance_id;sensor_name;received;lost;loss_percent;avg_latency_ms;max_latency_ms;avg_jitter_ms;max_jitter_ms
0;Cassio_x3;17999;1;0.00555556;0.549262;4.43723;0.0837069;3.9565
0;Cassio_x1;18000;0;0;0.451451;5.15032;0.070938;4.72203
0;Cassio_x0;18000;0;0;0.384615;5.32677;0.0370427;4.93555
0;Cassio_x6;18000;0;0;1.30042;7.10214;0.0730772;5.85596
0;Cassio_x2;18000;0;0;0.505883;4.92988;0.0740961;4.44106
0;Cassio_x5;18000;0;0;1.25136;7.38779;0.0714992;6.21494
0;Cassio_x7;18000;0;0;1.34537;6.85168;0.0786516;5.68468
0;Cassio_x4;18000;0;0;1.18933;6.70197;0.03392;5.49937
