instance_id;sensor_name;received;lost;loss_percent;avg_latency_ms;max_latency_ms;avg_jitter_ms;max_jitter_ms
0;Cassio_x1;18000;0;0;0.0282806;9.0652;0.0800516;9.13447
0;Cassio_x0;18000;0;0;-0.0448811;9.28163;0.0345179;9.41767
0;Cassio_x2;18000;0;0;0.0707482;8.85943;0.0782209;8.86168
0;Cassio_x5;18000;0;0;1.57441;10.9554;0.0827862;9.289
0;Cassio_x4;18000;0;0;1.52855;10.2836;0.0827236;8.67554
0;Cassio_x3;18000;0;0;1.45864;10.4937;0.0370791;9.06995
