instance_id;sensor_name;received;lost;loss_percent;avg_latency_ms;max_latency_ms;avg_jitter_ms;max_jitter_ms
0;Cassio_x4;18000;0;0;1.73846;6.17914;0.0826163;4.24964
0;Cassio_x3;18000;0;0;1.65333;6.41809;0.0754292;4.78427
0;Cassio_x5;18000;0;0;1.77383;5.95219;0.0898389;3.93547
0;Cassio_x2;18000;0;0;0.0917262;5.38758;0.0930027;5.28288
0;Cassio_x1;18000;0;0;0.0307431;5.57042;0.0859315;5.58939
0;Cassio_x0;18000;0;0;-0.0320564;5.78602;0.0378213;5.78339
