instance_id;sensor_name;received;lost;loss_percent;avg_latency_ms;max_latency_ms;avg_jitter_ms;max_jitter_ms
0;Cassio_x3;18000;0;0;0.0853078;7.69493;0.0843459;7.66262
0;Cassio_x1;18000;0;0;-0.00269863;5.66567;0.0723455;5.68897
0;Cassio_x0;18000;0;0;-0.066746;5.80002;0.031102;5.85763
0;Cassio_x6;18001;0;0;1.63774;5.62057;0.071548;3.83033
0;Cassio_x2;18000;0;0;0.0474065;7.84243;0.0727334;7.78152
0;Cassio_x5;18001;0;0;1.58203;5.8223;0.0700419;4.08815
0;Cassio_x7;18001;0;0;1.67906;6.75902;0.0784773;5.15916
0;Cassio_x4;18001;0;0;1.51839;4.93783;0.0310723;3.44114
