instance_id;sensor_name;received;lost;loss_percent;avg_latency_ms;max_latency_ms;avg_jitter_ms;max_jitter_ms
0;Cassio_x3;18000;0;0;1.57089;8.16593;0.0858469;6.49617
0;Cassio_x2;18000;0;0;1.52541;8.30907;0.0597496;6.7514
0;Cassio_x1;18000;0;0;0.0802241;6.31079;0.0819229;6.29728
0;Cassio_x0;18000;0;0;0.021816;6.47938;0.0380829;6.43097
