instance_id;sensor_name;received;lost;loss_percent;avg_latency_ms;max_latency_ms;avg_jitter_ms;max_jitter_ms
0;Cassio_x7;18000;0;0;1.05797;4.36379;0.0716563;3.2819
0;Cassio_x4;18000;0;0;0.881312;4.88188;0.0289098;4.01006
0;Cassio_x3;18000;0;0;0.207311;7.86108;0.0788268;7.66763
0;Cassio_x5;18000;0;0;0.94615;4.71298;0.0620117;3.76804
0;Cassio_x2;18000;0;0;0.159517;8.05578;0.0673647;7.99789
0;Cassio_x1;18000;0;0;0.100001;8.26041;0.0653797;8.19808
0;Cassio_x6;18000;0;0;1.00399;4.50508;0.0636712;3.44925
0;Cassio_x0;18000;0;0;0.0386091;8.45347;0.0312707;8.4539
