instance_id;sensor_name;received;lost;loss_percent;avg_latency_ms;max_latency_ms;avg_jitter_ms;max_jitter_ms
0;Cassio_x1;18000;0;0;0.39321;5.09214;0.0770045;4.64201
0;Cassio_x0;18000;0;0;0.335882;5.32329;0.0413874;4.97635
0;Cassio_x3;18000;0;0;1.5846;7.20111;0.0744232;5.64647
0;Cassio_x2;18000;0;0;1.52893;7.37531;0.0351729;5.86621
