instance_id;sensor_name;received;lost;loss_percent;avg_latency_ms;max_latency_ms;avg_jitter_ms;max_jitter_ms
0;Cassio_x4;18000;0;0;1.19317;8.19735;0.0904061;7.16252
0;Cassio_x3;18000;0;0;1.07419;8.3441;0.0866843;7.3644
0;Cassio_x5;18000;0;0;1.22959;8.08567;0.0973262;6.983
0;Cassio_x2;18000;0;0;0.280477;8.19813;0.0994194;7.98926
0;Cassio_x1;18000;0;0;0.193984;8.31464;0.086679;8.13693
0;Cassio_x0;18000;0;0;0.135457;8.36587;0.0389968;8.16938
