instance_id;sensor_name;received;lost;loss_percent;avg_latency_ms;max_latency_ms;avg_jitter_ms;max_jitter_ms
0;Cassio_x4;17998;2;0.0111111;1.1409;18.0118;0.0787957;16.9806
0;Cassio_x3;17998;2;0.0111111;1.07406;18.2773;0.0449022;17.3215
0;Cassio_x5;17998;2;0.0111111;1.19223;17.6648;0.0795028;16.5597
0;Cassio_x2;17998;2;0.0111111;1.01195;18.7426;0.0807831;17.8046
0;Cassio_x1;17998;2;0.0111111;0.973874;18.8258;0.0793754;17.9511
0;Cassio_x0;18000;0;0;0.917039;19.0362;0.0403256;18.2251
