instance_id;sensor_name;received;lost;loss_percent;avg_latency_ms;max_latency_ms;avg_jitter_ms;max_jitter_ms
0;Cassio_x7;17996;4;0.0222222;1.50354;12.1873;0.100089;10.3038
0;Cassio_x4;18000;0;0;1.11309;12.7792;0.0826993;11.5772
0;Cassio_x3;18000;0;0;0.454777;12.3988;0.115168;11.9432
0;Cassio_x5;18000;0;0;1.38485;12.5976;0.0846126;11.1092
0;Cassio_x2;18000;0;0;0.251667;12.5923;0.0864995;12.3653
0;Cassio_x1;18000;0;0;0.173367;12.7677;0.0763423;12.6584
0;Cassio_x6;18000;0;0;1.46755;12.4366;0.0926677;10.9493
0;Cassio_x0;18000;0;0;0.116925;12.9185;0.0376172;12.8706
