instance_id;sensor_name;received;lost;loss_percent;avg_latency_ms;max_latency_ms;avg_jitter_ms;max_jitter_ms
0;Cassio_x1;18000;0;0;0.24881;5.84385;0.0709743;5.60477
0;Cassio_x0;18001;0;0;0.18778;5.86935;0.036204;5.6177
0;Cassio_x3;18001;0;0;1.0187;7.16172;0.0738364;6.14411
0;Cassio_x2;18001;0;0;0.962521;5.77018;0.0381715;4.84832
