instance_id;sensor_name;received;lost;loss_percent;avg_latency_ms;max_latency_ms;avg_jitter_ms;max_jitter_ms
0;Cassio_x1;17999;1;0.00555556;0.471617;18.1767;0.0819333;17.8129
0;Cassio_x0;18000;0;0;0.404403;18.4291;0.0371244;18.0791
0;Cassio_x2;17999;1;0.00555556;0.512262;17.9277;0.0791206;17.5361
0;Cassio_x5;17999;1;0.00555556;1.3209;12.0034;0.0790574;10.7404
0;Cassio_x4;17999;1;0.00555556;1.26952;12.254;0.0786406;11.0684
0;Cassio_x3;17999;1;0.00555556;1.20635;12.5221;0.0394221;11.372
