instance_id;sensor_name;received;lost;loss_percent;avg_latency_ms;max_latency_ms;avg_jitter_ms;max_jitter_ms
0;Cassio_x3;5417;12016;68.9267;1.49235;4.68251;0.11206;3.2707
0;Cassio_x1;5453;11981;68.722;0.955672;4.71781;0.0788414;3.85146
0;Cassio_x0;5476;11958;68.5901;0.89731;4.90931;0.0334263;4.10195
0;Cassio_x6;5426;12008;68.8769;1.83524;4.43009;0.0876714;2.61553
0;Cassio_x2;5440;11993;68.7948;1.16247;4.54954;0.09084;3.34823
0;Cassio_x5;5429;12005;68.8597;1.56588;4.67913;0.0804304;3.19041
0;Cassio_x7;5323;6018;53.0641;1.90104;4.19514;0.093643;2.27739
0;Cassio_x4;5448;11987;68.7525;1.18359;4.49953;0.0771623;3.41152
