instance_id;sensor_name;received;lost;loss_percent;avg_latency_ms;max_latency_ms;avg_jitter_ms;max_jitter_ms
0;Cassio_x5;4109;11849;74.2512;1.83382;5.89665;0.0835124;4.20697
0;Cassio_x2;4109;11849;74.2512;0.800821;5.4187;0.0969799;4.60743
0;Cassio_x4;4123;13619;76.7614;1.53249;6.0315;0.100994;4.45177
0;Cassio_x1;4118;11840;74.1948;0.443191;4.26668;0.0865688;3.99154
0;Cassio_x3;4160;13684;76.6868;1.15039;4.83715;0.0692602;3.79268
0;Cassio_x0;4158;13584;76.5641;0.174958;4.47364;0.045684;4.25096
