instance_id;sensor_name;received;lost;loss_percent;avg_latency_ms;max_latency_ms;avg_jitter_ms;max_jitter_ms
0;Cassio_x1;18000;0;0;0.579807;9.06531;0.0789045;8.49652
0;Cassio_x0;18000;0;0;0.509515;9.13705;0.0341835;8.63948
0;Cassio_x2;18000;0;0;0.623452;8.92054;0.080922;8.28727
0;Cassio_x5;18000;0;0;1.06853;7.322;0.0777138;6.23932
0;Cassio_x4;18000;0;0;1.02799;5.6643;0.0775751;4.65904
0;Cassio_x3;18001;0;0;0.962433;5.76955;0.0342187;4.78471
