instance_id;sensor_name;received;lost;loss_percent;avg_latency_ms;max_latency_ms;avg_jitter_ms;max_jitter_ms
1;Cassio_x7;18007;0;0;1.85698;5.29554;0.234463;3.48685
1;Cassio_x4;18007;0;0;1.85942;6.55472;0.135735;4.37381
1;Cassio_x3;18007;0;0;1.55476;6.56425;0.131923;5.11941
1;Cassio_x1;18007;0;0;0.953819;6.93821;0.145383;5.6253
1;Cassio_x6;18007;0;0;2.44407;6.23447;0.15989;3.59422
1;Cassio_x0;18007;0;0;0.578687;3.78211;0.0323333;3.21533
