instance_id;sensor_name;received;lost;loss_percent;avg_latency_ms;max_latency_ms;avg_jitter_ms;max_jitter_ms
0;Cassio_x4;18000;0;0;0.964097;8.00067;0.0935057;7.08768
0;Cassio_x2;18000;0;0;0.667213;4.13645;0.113188;2.83469
0;Cassio_x6;18000;0;0;1.25196;7.72542;0.10974;6.72239
0;Cassio_x0;18000;0;0;0.382965;3.65527;0.0303615;3.22231
1;Cassio_x7;18008;0;0;1.38441;6.66024;0.112251;5.50139
1;Cassio_x5;18008;0;0;1.10507;6.88317;0.100718;6.0937
1;Cassio_x3;18008;0;0;0.820707;3.91848;0.0913205;2.87361
1;Cassio_x1;18008;0;0;0.48595;4.24636;0.0699585;3.84983
