instance_id;sensor_name;received;lost;loss_percent;avg_latency_ms;max_latency_ms;avg_jitter_ms;max_jitter_ms
0;Cassio_x2;18000;0;0;0.254398;13.0254;0.115581;10.1227
0;Cassio_x0;18000;0;0;-0.0192084;13.3145;0.0378603;9.944
1;Cassio_x3;18005;0;0;0.404626;5.4794;0.0946439;5.20258
1;Cassio_x1;18005;0;0;0.0783183;5.76936;0.078258;5.76217
