instance_id;sensor_name;received;lost;loss_percent;avg_latency_ms;max_latency_ms;avg_jitter_ms;max_jitter_ms
0;Cassio_x4;18000;0;0;0.830846;19.0675;0.0978824;17.8787
0;Cassio_x2;18000;0;0;0.543507;9.47191;0.121673;8.95891
0;Cassio_x0;18000;0;0;0.26972;9.91282;0.0373557;9.67342
1;Cassio_x5;18009;0;0;0.962374;4.72847;0.106086;4.0411
1;Cassio_x3;18009;0;0;0.699282;5.05185;0.0938321;4.36258
1;Cassio_x1;18009;0;0;0.363493;5.33691;0.0764904;5.04633
