instance_id;sensor_name;received;lost;loss_percent;avg_latency_ms;max_latency_ms;avg_jitter_ms;max_jitter_ms
0;Cassio_x4;18000;0;0;0.745886;6.10327;0.0998104;3.90582
0;Cassio_x2;18000;0;0;0.440811;6.43417;0.115187;5.76118
0;Cassio_x6;18000;0;0;1.03891;5.74712;0.109709;3.53023
0;Cassio_x0;18000;0;0;0.161082;5.36151;0.0320178;5.19749
1;Cassio_x7;18005;0;0;1.17677;6.05242;0.109698;4.96367
1;Cassio_x5;18005;0;0;0.888639;6.35682;0.106311;5.52668
1;Cassio_x3;18005;0;0;0.601628;6.32698;0.0977158;5.81439
1;Cassio_x1;18006;0;0;0.265481;5.79483;0.0713665;5.5528
