instance_id;sensor_name;received;lost;loss_percent;avg_latency_ms;max_latency_ms;avg_jitter_ms;max_jitter_ms
0;Cassio_x2;18000;0;0;0.892334;6.15756;0.122997;5.43804
0;Cassio_x0;18000;0;0;0.625142;6.35501;0.0385198;5.6607
1;Cassio_x3;18009;0;0;1.04987;5.26784;0.0967123;4.2451
1;Cassio_x1;18009;0;0;0.722056;5.56066;0.0774316;4.8948
