instance_id;sensor_name;received;lost;loss_percent;avg_latency_ms;max_latency_ms;avg_jitter_ms;max_jitter_ms
0;Cassio_x4;18000;0;0;0.518513;4.63464;0.0930194;4.07103
0;Cassio_x2;18000;0;0;0.228815;4.96903;0.114375;4.72481
0;Cassio_x0;18001;0;0;-0.0412054;5.30473;0.034417;5.42587
1;Cassio_x5;18006;0;0;0.64882;4.2412;0.102192;3.59334
1;Cassio_x3;18006;0;0;0.384811;3.92424;0.0910256;3.55439
1;Cassio_x1;18006;0;0;0.0561475;4.25213;0.076133;4.20142
