instance_id;sensor_name;received;lost;loss_percent;avg_latency_ms;max_latency_ms;avg_jitter_ms;max_jitter_ms
0;Cassio_x4;18000;0;0;0.690943;4.52618;0.0934308;3.85851
0;Cassio_x2;18000;0;0;0.387667;4.02557;0.111239;3.74906
0;Cassio_x0;18000;0;0;0.107011;2.5589;0.0322102;2.49381
1;Cassio_x5;18009;0;0;0.83043;3.96094;0.100103;3.18173
1;Cassio_x3;18009;0;0;0.540397;4.00315;0.0936193;3.54111
1;Cassio_x1;18009;0;0;0.2073;4.31034;0.0687052;4.14032
