instance_id;sensor_name;received;lost;loss_percent;avg_latency_ms;max_latency_ms;avg_jitter_ms;max_jitter_ms
0;Cassio_x4;18000;0;0;1.21953;6.24445;0.095127;5.00917
0;Cassio_x2;18000;0;0;0.91944;6.58077;0.111812;5.70545
0;Cassio_x6;18000;0;0;1.50919;5.86412;0.109347;4.41766
0;Cassio_x0;18001;0;0;0.639134;6.84927;0.0300279;6.22671
1;Cassio_x7;18007;0;0;1.64424;5.67503;0.112224;4.05387
1;Cassio_x5;18007;0;0;1.36059;6.03416;0.101184;4.7624
1;Cassio_x3;18007;0;0;1.07756;6.40587;0.0905839;5.35957
1;Cassio_x1;18007;0;0;0.742657;6.67992;0.0694204;6.03279
