instance_id;sensor_name;received;lost;loss_percent;avg_latency_ms;max_latency_ms;avg_jitter_ms;max_jitter_ms
0;Cassio_x2;18000;0;0;0.563341;4.27758;0.111476;3.71419
0;Cassio_x0;18000;0;0;0.292576;4.60968;0.0362325;4.41518
1;Cassio_x3;18008;0;0;0.713201;4.15632;0.0892621;3.47298
1;Cassio_x1;18008;0;0;0.387674;4.46367;0.0754599;4.12266
