instance_id;sensor_name;received;lost;loss_percent;avg_latency_ms;max_latency_ms;avg_jitter_ms;max_jitter_ms
0;Cassio_x2;18000;0;0;0.359344;5.52559;0.114187;5.14626
0;Cassio_x0;18000;0;0;0.0905153;5.86291;0.0368619;5.79387
1;Cassio_x3;18012;0;0;0.520389;5.67134;0.0981729;5.18563
1;Cassio_x1;18012;0;0;0.193327;5.91538;0.0757153;5.71215
