instance_id;sensor_name;received;lost;loss_percent;avg_latency_ms;max_latency_ms;avg_jitter_ms;max_jitter_ms
0;Cassio_x4;18000;0;0;1.17141;5.09008;0.0978132;3.95065
0;Cassio_x2;18000;0;0;0.880045;5.45054;0.115982;4.66732
0;Cassio_x0;18001;0;0;0.595367;5.03155;0.0338353;4.45971
1;Cassio_x5;18001;0;0;1.30647;4.97104;0.104081;3.65461
1;Cassio_x3;18001;0;0;1.03087;5.2329;0.095103;4.28531
1;Cassio_x1;18001;0;0;0.696069;5.61055;0.0765309;4.9651
