instance_id;sensor_name;received;lost;loss_percent;avg_latency_ms;max_latency_ms;avg_jitter_ms;max_jitter_ms
0;Cassio_x4;18000;0;0;0.822639;4.97809;0.096664;4.15839
0;Cassio_x2;18000;0;0;0.536677;5.31037;0.119627;4.86066
0;Cassio_x0;18001;0;0;0.253846;5.58705;0.0353506;5.33032
1;Cassio_x5;18008;0;0;0.955336;4.89056;0.104376;4.01867
1;Cassio_x3;18008;0;0;0.685848;5.01572;0.0959202;4.4182
1;Cassio_x1;18008;0;0;0.350087;5.27357;0.0774741;4.93601
