instance_id;sensor_name;received;lost;loss_percent;avg_latency_ms;max_latency_ms;avg_jitter_ms;max_jitter_ms
0;Cassio_x2;18000;0;0;0.43191;6.14334;0.115676;5.65411
0;Cassio_x0;18000;0;0;0.158517;6.41643;0.0391195;6.21883
1;Cassio_x3;18007;0;0;0.586771;8.03167;0.101815;7.64312
1;Cassio_x1;18007;0;0;0.255809;8.36864;0.0779252;8.10442
