instance_id;sensor_name;received;lost;loss_percent;avg_latency_ms;max_latency_ms;avg_jitter_ms;max_jitter_ms
0;Cassio_x4;18000;0;0;0.682233;7.71884;0.0941772;7.21566
0;Cassio_x2;18000;0;0;0.398529;6.58856;0.120554;6.20577
0;Cassio_x6;18000;0;0;0.961483;7.40823;0.113448;6.5735
0;Cassio_x0;18000;0;0;0.116741;7.09741;0.033977;7.01277
1;Cassio_x7;18002;0;0;1.08986;4.80742;0.121405;3.75684
1;Cassio_x5;18002;0;0;0.820021;4.74261;0.103329;3.95878
1;Cassio_x3;18002;0;0;0.552053;5.05774;0.0940486;4.62021
1;Cassio_x1;18002;0;0;0.213963;5.34631;0.0738634;5.2092
