instance_id;sensor_name;received;lost;loss_percent;avg_latency_ms;max_latency_ms;avg_jitter_ms;max_jitter_ms
0;Cassio_x4;18000;0;0;0.715639;4.80532;0.0964547;3.97606
0;Cassio_x2;18000;0;0;0.414762;5.12851;0.112224;4.46548
0;Cassio_x6;18000;0;0;1.00433;4.50613;0.109183;3.36366
0;Cassio_x0;18000;0;0;0.137554;5.40929;0.0339903;5.32148
1;Cassio_x7;18006;0;0;1.13593;4.25327;0.110453;2.93525
1;Cassio_x5;18006;0;0;0.855709;4.5506;0.102546;3.58617
1;Cassio_x3;18006;0;0;0.57056;4.82628;0.0938054;4.15275
1;Cassio_x1;18006;0;0;0.237679;5.13911;0.0735645;4.8683
