instance_id;sensor_name;received;lost;loss_percent;avg_latency_ms;max_latency_ms;avg_jitter_ms;max_jitter_ms
0;Cassio_x4;18000;0;0;0.808775;13.1158;0.0944378;10.0377
0;Cassio_x2;18000;0;0;0.527816;13.4407;0.119624;9.95302
0;Cassio_x6;18000;0;0;1.08478;12.8158;0.111883;10.0357
0;Cassio_x0;18000;0;0;0.239421;13.7824;0.031898;13.6048
1;Cassio_x7;18011;0;0;1.21677;7.8104;0.118374;6.74198
1;Cassio_x5;18011;0;0;0.944091;3.92384;0.102682;2.97953
1;Cassio_x3;18011;0;0;0.679846;4.27696;0.0931586;3.46996
1;Cassio_x1;18011;0;0;0.338522;4.61923;0.0712684;4.23562
