instance_id;sensor_name;received;lost;loss_percent;avg_latency_ms;max_latency_ms;avg_jitter_ms;max_jitter_ms
0;Cassio_x4;18000;0;0;1.18382;7.0183;0.100463;5.90787
0;Cassio_x2;18000;0;0;0.87518;7.274;0.117444;6.44917
0;Cassio_x6;18000;0;0;1.48084;7.78953;0.115439;6.24997
0;Cassio_x0;18000;0;0;0.604643;7.64646;0.0325734;7.10413
1;Cassio_x7;18001;0;0;1.61315;7.64724;0.114369;6.17697
1;Cassio_x5;18001;0;0;1.32638;7.91702;0.106065;6.57159
1;Cassio_x3;18001;0;0;1.0344;7.87959;0.0977093;6.90279
1;Cassio_x1;18001;0;0;0.702469;7.44748;0.071774;6.73909
